fragment,count
3218693969,8074516
3217380708,6319726
951226070,4145346
2968968094,2711673
2246728737,2572786
864942730,2199795
2245384272,2121169
98513984,1753862
2041434490,1626192
2246699815,1554812
1510328189,1551529
847961216,1182165
2092489639,1101275
994485099,926751
2803848648,755034
864674487,699134
422715066,693869
2117068077,617642
2976033787,616824
3189457552,505504
882399112,491767
2142032900,479760
1790668568,431334
3537119515,406499
2245273601,389792
1100037548,373333
3975275337,366516
717512901,363799
1101907775,354080
3776905034,338597
3542456614,335697
1054767590,335264
2228063684,327417
10565946,305259
3337745083,294746
3351556771,284899
4121755354,261433
3777168895,255832
3315826729,253469
2994748777,250296
2076190208,245210
2132511834,244655
3918336191,242877
848128881,225379
3458774156,223664
435232729,212183
1135286194,205453
1257718710,204418
3162837314,190084
1016841875,187351
3818546315,185543
3537123720,185264
847957139,184705
3452535345,183830
3908647167,180924
999334238,163722
485463469,163451
2309124039,161332
3124581743,160660
864662311,156660
787069595,156419
1276993226,151233
1857396528,149574
3657471097,142742
1792562719,141447
2115476908,137696
4041573576,137522
2245900962,133168
2811394787,132582
2353112200,130509
2435680164,130389
2245277810,128839
1637836422,128665
3118255683,119005
3207567135,117262
1167322652,114201
2434373675,114191
3983062349,110777
2551483158,110385
847433064,110385
571978829,109080
3624155,108484
3460898310,107258
1791271074,105789
729796064,103876
1026928756,103795
4089138501,102872
3376021752,101238
1842898132,99643
1083852209,96691
1362518133,95677
2119439498,94456
2424973678,92837
3182824521,90350
572760528,88836
368531313,88726
4033380444,88664
203749390,88634
2447826885,88510
1078211001,87561
4008337421,86602
2473389857,85939
1510461303,83630
2246340824,83290
2089117413,82512
4197146180,80683
3545365497,80475
2257970297,80142
2976816164,78968
54936104,78194
2827868305,75951
3994088662,74964
3554022385,74692
1271691605,72573
3992410619,72516
540046244,71932
2222715027,71823
2223687999,71759
1868602760,70776
4036277955,68872
2296565457,68782
2110118862,68633
3796841743,68581
551287920,68300
3203709451,68063
2591432844,67686
1173125914,67600
1634606847,67383
616374597,67239
1858577693,66068
3579962709,65868
3772302167,65728
2251883808,64854
1693331843,64581
963029399,63951
1738265797,63500
2697110228,63078
3995043796,60866
3143719699,60742
2154935424,59791
4194776273,59776
2806018737,59621
3820826669,59027
2360741695,57639
1535166686,56898
3136829774,55937
458993620,53900
623728226,53896
2222621677,53648
2370996728,53097
3982076256,52768
3612926680,52677
3632350815,52495
694069322,52418
222023415,52077
3194612514,49758
2835079913,49007
3462308225,48767
618671879,48744
2720313463,48289
2530377886,47968
64070612,47673
773709216,47559
4222851645,46730
3482873808,46419
288315894,45695
603510687,45677
2510215966,44951
2355616982,44713
3346539298,44513
725322217,43802
443932914,43214
1730555933,43176
1256946769,42456
26234434,41699
592593828,40756
4194366826,39974
1824088295,39699
3345225135,39187
4095838119,38694
2297887526,38690
3457964313,38573
2530048747,38060
2574917850,37884
3594646603,37094
1999904870,36794
1861965050,36252
3334525955,36123
2269473515,35857
411967733,35702
4210054575,35484
2513428378,35050
2785067925,34786
3120642300,34745
2423543607,34520
517457164,34276
3012778962,33762
2975126068,33470
4164236649,33366
4212936508,33342
553412256,33246
1542633699,33056
3286720230,32326
485458970,32325
1467778651,30985
4086265842,30685
1739267982,30606
2752034647,30507
2209842778,30395
328936174,30385
2251845666,30140
2609658248,29925
1312131881,29906
1785683843,29862
3662562115,29844
2646219661,29834
1506563592,29734
3824063894,29553
68650007,29330
368713488,29059
3835273908,28532
2308348490,28429
3461773897,28278
2246703798,28179
1070821685,27707
416356657,27514
1842114921,27442
3777243454,27208
781912670,26893
4196488051,26518
3988861584,26298
4023654873,26110
1816178031,25791
1686095578,25726
3811375594,25498
4158944142,25384
970433791,25127
550081331,25089
1923187777,25058
2664622273,24869
1255626466,24826
2369690741,24731
548743766,24728
2822340138,24691
3131896227,24575
3288032115,24292
3596485316,24264
3254486562,24117
3975295864,23965
2971716993,23898
4203454020,23862
2284773903,23788
136366266,23508
3933537673,23255
2463614838,22969
431202968,22847
592655526,22677
1822332700,22522
3661262542,22510
3981762496,22266
2036328569,22019
2979609357,21999
1909986973,21820
2850656190,21808
2296493092,21494
662511025,21446
141882433,21294
3176806076,21185
2246997334,21045
828793177,20993
4282315164,20964
36538691,20882
1449131080,20828
3044751281,20683
3491109101,20611
4239037249,20194
4042373501,20139
994637429,19824
141157017,19746
1795978025,19584
913310822,19566
1913726790,19518
1583799011,19449
1228815484,19421
3026394695,19382
1880637161,19209
3696402029,19098
2215059400,19088
3234104871,18783
4223817698,18748
535847852,18726
2687950697,18621
1486598263,18550
3045022511,18429
2810604122,18303
3308404410,18187
2753863138,18125
2212573984,18125
3151378920,18073
2487927669,17986
3177362943,17948
2617658656,17727
1136130381,17579
69470421,16716
4003049590,16692
1078276907,16656
2213350725,16406
3058733262,16270
831463242,16080
2295519362,15953
170727310,15852
2905660137,15701
203851115,15455
3328145258,15451
1229325558,15337
692277943,15276
2258843522,15201
864365306,15064
4179862704,15012
1856075173,14932
3145023872,14894
773607102,14892
3462333187,14692
4256629345,14612
3129492592,14505
3034212252,14482
829754261,14401
458195553,14397
2782530898,14328
2077658817,14154
1362202978,14055
3222770065,14024
74537039,13977
273092751,13956
2185212638,13910
2637439965,13689
945676240,13528
3195927545,13388
869152089,13349
2718013753,13299
1609928163,13294
2488692798,13278
2592252298,13212
808416955,13211
1626281205,13152
2849741637,13148
1976356906,13116
2635303940,13080
2803419857,13049
2697642734,12928
2455017113,12911
3614376044,12900
1173346717,12783
1971534293,12534
892756502,12471
2237323775,12455
1308598964,12449
1187730664,12408
266675433,12342
2974534217,12324
135980867,12264
994237755,12233
4120224926,12141
1280488931,11927
2834566420,11846
662595032,11801
516041383,11786
1914416804,11780
3599391724,11733
781917169,11570
2211527187,11569
1619222458,11541
806369437,11490
3808467027,11469
4036774035,11243
1445852595,11197
104383219,11116
912632640,11097
687654781,11073
2810421479,10986
3004333805,10984
3275683399,10910
600629739,10854
3090652201,10819
2556855854,10707
2245897107,10691
3492293582,10691
2559675920,10686
845764036,10640
4160330003,10613
2010446245,10560
3266129148,10524
3925172229,10485
2984045667,10323
992462230,10170
330223697,10161
2070178920,10059
1915080917,10040
2667063169,9962
2459741777,9937
1506993418,9819
1294138518,9745
3510196525,9677
1399127774,9636
3346582092,9541
2085103825,9469
617798156,9462
443741425,9390
2154975788,9384
4105069056,9369
1912836315,9340
3850913941,9336
3430642422,9221
1789200865,9156
3889081300,9115
2807496773,9114
2064788354,9074
1924383628,9069
1919134267,9037
2531774451,9031
1755363164,9001
241199508,8943
2762810942,8868
3909974435,8856
3633369638,8810
2341585586,8766
3961613636,8750
410310586,8717
1048103838,8716
2999514534,8707
361656533,8684
2417640586,8617
600377156,8557
3847608821,8534
3337420400,8526
2072597505,8514
3532053313,8496
1759589175,8478
369315086,8460
4065760512,8418
584893129,8382
3042542132,8375
2756489526,8361
3182177290,8314
4278515623,8305
1620258790,8280
3980805843,8238
3327193120,8192
2557045420,8172
4291484675,8155
4203187903,8138
1892890177,8052
2846505075,8017
4256676941,7978
2208683925,7918
4292539202,7910
3093061208,7898
3158862910,7888
4277401654,7884
3156812067,7872
1693589848,7741
3461354471,7681
1910766508,7658
2828561639,7654
2425865203,7638
3796970912,7630
3008098818,7622
1163048604,7529
826682052,7516
2238264606,7422
649201019,7405
3953445033,7338
1534595042,7230
3324305309,7147
4176566322,7122
2814583100,7091
2059730245,7017
3028039221,7006
4068239769,6981
144568923,6973
3751927594,6905
2845936339,6859
1796274886,6809
4249752643,6798
3594356142,6768
1721149895,6720
3531344838,6626
3628883864,6599
3631761933,6599
1236995907,6592
30707086,6547
265892994,6496
2238101436,6473
3633569943,6472
1677974357,6463
3304582332,6454
1759553307,6432
1796784588,6429
2349616923,6397
2765522949,6315
3951957695,6289
472281497,6288
2431311350,6283
2865977551,6268
3886201961,6259
86544075,6253
3372400797,6214
1823304278,6196
612068687,6188
2407054516,6119
741451336,6051
4022716898,6014
3599139274,5977
1542631284,5954
3585958780,5950
773712949,5936
772910113,5915
1186654798,5812
1187241316,5776
3565163784,5767
3877107898,5746
1603623823,5701
3044392905,5691
2747850234,5655
1782291908,5650
3273018953,5628
729181080,5595
3712790815,5560
2459558207,5559
275463426,5520
2950679810,5517
4069016315,5494
3227975516,5466
1871221615,5457
621690156,5456
4229088015,5443
480680885,5413
3486624098,5402
368370992,5384
1674219510,5363
4066851934,5327
1704599822,5295
2355446912,5270
3285317445,5262
4003054055,5247
2762211251,5231
1275679867,5189
894436332,5167
2608583677,5166
1851683108,5126
3153477100,5125
4223108416,5124
932711668,5057
1307265339,5046
1849554589,4989
2641323993,4923
2577837950,4909
3046580772,4909
1683958275,4906
2131356872,4899
690255344,4847
3324450243,4837
3435152847,4826
369500293,4819
1583009052,4816
2175220748,4801
1446633534,4800
1965692378,4766
2251888095,4762
1899422126,4733
3994179159,4720
2576005379,4706
3384631972,4619
1855278520,4550
3798139026,4542
1236033658,4539
847336149,4523
3650394863,4507
190140222,4496
1515970817,4488
2358351345,4387
3974650111,4377
1739309282,4375
2648681539,4317
1369588494,4306
442195005,4299
2424530656,4268
1803337813,4247
434045476,4229
3012865236,4221
4116013187,4176
3717234080,4154
564293713,4119
1390475220,4110
2252199331,4108
3534901675,4087
3025629386,4083
4223976160,4073
980020035,4024
2447748155,4003
1477870366,3973
1914229733,3927
4214532707,3923
2758632892,3896
1614748561,3889
2599973650,3888
3319544194,3852
2021812431,3846
2875268366,3838
948442053,3794
2759434019,3778
3497668186,3763
264974063,3761
200184615,3742
2070976245,3739
3700725371,3729
876651869,3714
1331092294,3701
1932106328,3700
3341916169,3697
592651569,3695
4118787735,3681
1228528465,3656
1469940320,3624
2603276537,3617
2827778408,3609
600405749,3602
2327113268,3582
3370781832,3554
1582607016,3549
215675288,3548
1090571167,3542
2975116251,3507
1979311206,3490
3534637918,3479
2624895325,3470
340695070,3439
4159583953,3417
3890026507,3401
2173557700,3372
2807475527,3357
3984347356,3336
4142616092,3335
3124242557,3322
1289643292,3302
1505769767,3292
486030630,3292
3010410747,3269
1421345390,3265
2258847507,3227
362715007,3211
2199718453,3197
1142813461,3192
2473970882,3152
785465846,3124
4200113039,3096
2139996060,3087
606428793,3073
631544676,3059
2793992531,3053
3119383463,3037
999602603,2980
2228262129,2980
460073430,2977
2198671991,2976
744340421,2969
3103812183,2959
687728186,2955
4101966778,2949
1168541985,2944
211903143,2910
4066943324,2895
1782131402,2895
2167817320,2852
3791102067,2827
955147207,2792
2236753983,2751
1271688533,2741
1506192421,2715
1978844073,2707
254000342,2700
934550081,2682
1602567453,2682
3995047843,2668
1378530689,2667
1211233089,2664
2542264270,2657
2506328221,2655
3334877045,2647
1911841960,2645
3974000759,2635
2809361097,2626
3786253491,2594
4230337064,2590
4022712435,2554
4095742117,2540
1351825692,2526
3496434313,2523
281086138,2510
UNK,2505
2745566124,2497
3011598321,2485
4240369074,2458
3917497376,2450
4115064110,2437
1786160715,2434
3727977332,2427
2950915732,2423
2699298541,2416
1899466130,2387
3311784590,2386
2310811238,2359
4264704113,2340
2608115077,2332
2567005256,2318
1655430306,2301
4280659919,2280
1850082398,2270
2975316496,2268
3133377014,2253
2664995851,2246
3914061263,2237
3089236829,2227
2318542907,2227
3152170373,2201
3472262170,2193
4206179036,2189
1805166875,2181
4254297624,2168
783065961,2153
2165820178,2152
571945592,2143
2459836637,2137
1832166518,2124
3035449400,2109
2555187292,2108
3194674235,2099
103604070,2094
2474301835,2092
1450309995,2088
3128401872,2070
387677124,2063
2015089002,2063
868877654,2058
1272846906,2056
1865863787,2038
3232361348,2033
2349226204,2028
3462728083,2027
3921298496,2020
784370174,2017
4179541127,2006
2310395539,2003
3613601937,1991
2037096428,1990
716189338,1985
994821171,1977
3009403279,1975
4038637638,1962
3842433558,1931
1077293674,1923
2851977513,1916
2548753686,1907
169809287,1892
3718710299,1887
661260331,1886
228862830,1883
2361265913,1870
1506686089,1868
622481563,1857
3696389118,1844
2741109499,1840
3255046070,1835
2516309301,1799
1445715347,1796
172238518,1776
2603173879,1773
269845283,1770
574181309,1759
1067305901,1756
2026801565,1753
4250161297,1748
763271834,1744
2208687876,1740
4035178815,1738
3540401924,1735
3996308363,1732
3895633315,1731
3285213767,1726
743382743,1715
4008506203,1707
3080563917,1704
837609649,1697
3228757619,1695
3044745418,1695
407476071,1692
2410099666,1688
3917675302,1672
360476689,1665
3726304495,1663
1167268241,1660
1710205153,1654
895910141,1646
3032734483,1627
3190622356,1625
3088509841,1613
1842929960,1603
1899486813,1603
262122284,1598
3455213876,1592
530246988,1589
2855720289,1588
2606734789,1582
1448829206,1574
4214068905,1569
4053293829,1569
3278587996,1568
68671624,1550
1277452329,1543
3846829958,1536
2654043257,1521
1671770604,1508
1228244851,1502
443142315,1499
3593971783,1493
2239921342,1493
1370310341,1492
1632503783,1486
1642797161,1478
1585816122,1472
3129226281,1460
3599133573,1459
2275936521,1455
72462803,1447
3840182861,1444
822222489,1444
2439985312,1430
352832185,1415
2245541727,1410
3103858517,1409
3593041223,1398
3163918268,1376
947157322,1373
1237948901,1367
675765711,1357
2651067438,1352
2558454195,1350
3105227019,1347
602889953,1344
1460383927,1339
3593618068,1336
2810318309,1334
495196161,1310
3027150250,1310
3992738647,1299
3550810051,1296
1770172888,1295
1689898788,1288
3405578652,1286
2988347999,1267
4121384005,1262
1872073897,1260
3065279093,1257
2438709758,1253
87849052,1244
913947419,1243
2900982932,1240
2772996357,1240
3999116598,1234
3632480728,1230
3426530934,1225
371948607,1215
1462241120,1208
3748732759,1206
592504101,1203
1342596238,1200
1498572575,1200
4195680018,1195
2854428918,1189
3949448130,1179
2580639636,1175
170894115,1173
446751770,1170
3160718262,1143
1534175580,1128
4026641582,1117
4097685028,1117
3081284555,1114
2280464758,1113
3385588817,1113
2097053585,1109
715384634,1109
3304838262,1098
3212095877,1091
3297830269,1090
1222685169,1085
3138645051,1081
2572035617,1079
68675643,1075
2304654568,1068
4039837947,1065
1346868190,1059
916396119,1054
2403608906,1054
4078804981,1053
4199976035,1051
1421634471,1039
3129092788,1038
257851290,1037
3555434182,1037
1473573141,1024
4226364443,1022
2086410360,1019
2270119534,1007
2285529321,1003
2952211277,996
2096953503,995
1775290138,979
4018142848,977
29402651,975
215642972,975
163385334,963
1458180238,958
814885194,944
3370172965,943
932734850,940
3110205660,934
1916236386,928
2214358924,919
2504847923,915
3984860707,907
3436892620,902
4138040424,894
2551496503,889
537312464,888
1121298566,879
4178682433,878
1239948680,874
1349670121,873
1533809047,873
73745272,871
1497079384,868
3192317608,866
3694465428,865
4005047778,862
1630260676,862
1184436594,861
616028266,861
4093258568,856
2330510286,856
1495702616,854
3562082033,853
3210779416,852
2639257445,852
3545353036,849
3089564386,844
3893870893,842
341103991,838
458873279,837
282490236,831
495977886,830
1157647981,830
1703509531,828
736731344,825
2177967202,823
1864772688,819
2099374962,814
1030083100,811
2677752761,808
2025339464,808
1236795370,803
2384170475,800
3628319739,792
276698884,792
4026633762,789
111711661,785
1808477881,780
994494548,778
2360467803,778
2453385669,777
4067145187,774
3058108901,773
2265183057,768
2548791320,766
4222177375,760
3631959207,756
922135558,755
1172911774,753
55489393,749
3534721953,744
1055719885,744
4157438804,741
1721979728,740
648418704,740
1360000074,738
787258579,733
3581739114,721
1872210358,719
493201859,718
4073938295,718
1740632203,717
951239203,717
3033027238,716
905632147,714
1582611257,712
3024909350,711
3371487996,710
2123886383,708
3618408406,704
354000409,699
194743723,698
4017892867,698
1602832950,694
1186450153,690
698893736,683
3484185955,683
565690435,683
2446814304,680
616155759,679
2448462321,676
356132508,670
762870563,670
2724631617,659
2847919965,658
1262203211,647
1841865404,645
2584514126,645
321337029,644
3842459573,644
1382479327,643
854632749,643
2090421179,643
688505563,643
1736287034,638
2562008222,634
1413808611,634
141343485,633
2992897549,632
3598937518,631
459747996,628
3957595305,622
2640800466,617
511022470,617
499664127,613
118299950,609
2013329825,609
1636327326,604
900670219,604
839604161,602
1790237092,600
2014255590,597
2903607685,588
2578124752,586
1370731475,584
2570835912,582
2341335741,580
307116330,579
3801425767,579
4150462456,578
1369337945,578
2556496593,578
1586850127,577
2583740073,577
4140340356,575
299970834,573
583765878,572
1979131117,572
1888311577,572
3120667717,571
2309545239,571
2929340696,568
2074443444,566
3447654516,564
1316753536,563
3446872083,562
214789974,561
1926213669,560
2610667886,559
1472024267,554
1360763609,554
791239570,554
2100728902,551
3872837863,550
176403689,550
2193034011,549
2586211790,545
2992008339,539
1625775617,533
787215632,531
696215122,530
3798592350,526
3980590428,524
3530144195,523
1259710714,522
2481527108,522
190406487,518
1316652100,511
612622329,511
926215114,511
667497574,507
2680376369,505
82819147,501
2618049074,500
954800030,499
3183395256,499
1476555001,497
3948533356,495
3337860654,494
2442433719,489
1226975992,489
3098934668,488
4095833648,484
2988685477,484
3105738710,484
217554345,483
962299811,483
4162122476,481
1787372080,479
1200207104,476
3987247535,476
1599425600,475
4151041871,473
2306985260,473
1972201375,471
1362425715,470
3296335394,466
340640331,462
1253170030,460
690607827,460
2476163727,457
2603759688,457
2205904190,456
4200620501,456
3926378160,455
2399465218,454
2210045383,454
4247217172,451
797297496,446
2876572547,445
1532868555,445
1461868315,442
2571994391,442
737483872,441
166315604,440
1267873599,439
2147572453,439
1254998976,439
2394338241,438
2132896824,436
4274980665,433
1963389888,431
3859993750,430
725330118,428
631553871,428
1676823234,427
481472838,426
2325931558,425
1533767736,421
2960266064,420
2592785365,415
1423529415,413
1134474183,412
3656132979,412
3606896493,409
4028065388,408
1797109758,407
2857277792,405
192726401,402
4165543522,401
2355820779,400
364836735,400
1119453705,398
3831231523,398
2515833467,396
2240437263,396
2364843576,395
1220031524,395
2929949673,393
2243700697,392
891217926,392
3402594617,391
3529214908,388
1806767051,388
313730219,388
1190445608,387
4140259565,387
2196511550,387
261806806,384
2925436761,384
154569897,382
3160998251,381
3222479286,380
4289627067,379
3064477670,376
3284441709,375
1397494279,372
3475937304,372
798967276,366
1851988426,365
4174067669,365
2807584952,363
179836431,362
4171190906,362
2924008740,362
3922728057,361
3776917151,360
2432795873,359
2687928295,359
2501423248,357
2177590383,357
1204922169,355
1290277687,355
872084909,354
1629740886,354
3611833967,352
3948421371,350
2811402350,350
3225296930,349
817288796,349
199163361,348
3120226937,347
2040194460,347
1262276865,344
2017861928,343
3968746622,342
1965735928,340
3116211514,339
4067419744,336
1250165012,335
3451549573,335
3574150615,333
2569162574,333
3525528780,333
1940250743,332
1657557607,332
3324153899,332
2200148275,330
3109000344,330
3172305411,329
3460130149,329
2879351795,327
233593703,327
446908633,325
3083501823,325
1389140885,324
756630393,324
1486365896,323
162534662,323
4089569391,322
2882501693,322
3805953335,320
185358682,320
1614667981,320
4223709793,319
3296544553,316
164110759,316
55482346,316
2049340176,316
2788516831,315
2604585747,315
4223486634,315
232855353,314
530250207,312
4170800875,311
4121380340,309
253234136,309
1579731616,309
1566670564,307
3224030097,306
1517812882,306
601754018,303
2446961558,302
69887201,301
1885507,301
2709732252,301
3922470096,298
3801147597,295
4146891566,295
672705064,295
1634017026,295
251572710,294
773457308,294
800375773,294
3616095757,290
4265016989,288
1735424888,288
1428527756,288
1390505218,287
3278113379,286
13531441,284
452953112,284
98466654,284
17261118,284
4196661495,283
3577252584,281
1633303154,280
658782932,280
2537154916,276
1271660866,273
492051864,272
2431669681,270
868688489,266
3806729922,266
2607238719,266
270833924,265
944363169,264
2327892177,263
896690022,262
1614704303,262
571993904,262
2181918679,261
2642331247,260
3613186530,259
2021337437,259
3402570011,257
4291903839,256
3545074552,256
2901758233,255
3809959763,254
1236135396,253
788515759,252
153234704,251
3534789554,250
1898153655,250
665840,248
2184261626,248
2239803886,247
2206543007,242
469172305,241
15786055,238
52071157,237
1607636728,237
849275503,236
2608733601,236
610814047,236
4100874348,236
1169352347,235
2623551787,233
2817491392,230
3269687291,230
1075937805,229
448563817,228
2655406212,228
3598851503,227
1452943097,227
2464024491,226
2245773786,225
1638952647,223
3662599446,223
4257817375,222
2302361865,222
1273514808,222
2631685603,222
4067252449,218
2026774778,217
2064774207,217
3910758230,217
62093196,217
575804522,217
981072036,217
1786988278,215
3360470737,213
2435698593,212
3625967751,211
3056423338,210
4275794213,209
3044292246,209
2765300781,208
645463207,208
4044870164,207
3524473022,205
1581998710,204
2418867368,204
2668471440,204
1328296021,203
1485147017,202
580285428,200
2017622114,199
928676150,199
3488463579,198
3908918996,198
3857801220,198
3989563091,197
3698070333,197
4279562169,196
3649177177,196
1315950583,196
1455726513,196
2057423023,195
2804033182,195
2024310625,194
3990065839,193
667751451,193
2476046423,193
3931877381,192
2515666805,192
1578587400,192
412865162,190
2292935200,189
3303565607,189
1866642066,188
4276481664,187
1842281133,187
2211217220,185
934178987,185
2296764637,185
971401270,185
1279698314,185
2194696575,184
922659178,183
2546820253,182
772927515,182
1797936203,181
4041152544,180
3892985958,179
2576103249,179
1791250428,179
2974849595,178
266476667,178
1896207828,177
1667497117,177
896700566,176
3294965984,176
3715311838,175
3110675867,174
1643772372,173
289264456,173
3094365125,172
4059925689,171
1747072187,171
3690261425,171
3121777292,171
761435497,170
2581923051,170
3590215779,169
179891905,169
393353044,167
739928912,167
621940052,166
4273842364,166
3981550117,166
2579634572,166
3995463632,166
737524545,165
2805915694,165
216283652,165
1329072868,164
2291264872,164
3438321593,163
486099496,163
4005321943,163
802498242,162
1181021693,162
1598117841,161
501740513,161
980022994,160
1711656516,160
648053635,159
1790259807,159
3227944372,158
1987682683,158
2583443460,158
601004707,158
3421767847,158
2672648630,158
2455275232,157
503399366,157
3790767943,156
4261342179,156
3856463825,156
4237010320,155
586970519,155
658405899,154
1815768521,153
2310852016,152
752027987,152
2091685019,151
489054630,151
2350953170,150
1655163931,150
1454563786,150
1036770003,150
1375207807,150
4074230842,150
4266926668,147
3573160936,147
3949432309,146
3295335300,144
2586165630,144
1608637670,143
3525529949,142
3223787951,142
1323888424,142
1747728807,142
970102735,141
1842145205,141
3368912827,140
2161121030,140
1551769549,139
1935795947,139
3005981942,139
661710718,139
3749233121,138
2778477785,137
3629281128,136
1894474876,134
1295491530,134
3110936998,134
1909452861,134
997805666,133
451307706,133
920763749,132
458139000,132
1023190685,132
850893258,132
4144921239,132
4030408677,132
3349464156,131
91562845,131
3397429517,129
116868846,128
3983708967,128
29763632,128
2751040622,127
187141432,127
2240278226,126
4182230778,126
2534243010,126
3742131214,125
2684009243,125
2578559908,124
3640810760,124
951164354,124
3599719877,124
2691057341,122
3795525628,121
2986138612,121
3043379210,121
845220125,121
3334979549,120
2090378468,120
64099307,120
1533864325,119
2193846676,119
3020591076,119
3519817978,119
1360399608,118
324756128,118
4155911757,118
3895866873,118
3435789442,117
3147164583,117
3981688378,117
707872180,117
1848774349,116
737243568,116
3598667055,116
4176672235,116
298374928,116
2634102466,115
460014894,115
2033915459,115
3920591980,115
1963848833,114
2058913649,114
2914402704,113
1331168813,113
2662228479,113
294811799,112
2140776459,112
3927890045,112
3507932181,112
4009417616,112
2550123926,111
853848766,111
3285601035,111
3007552462,111
3025831674,110
1498606295,110
2358053830,110
238787263,110
4280820670,109
1123651029,109
136615304,109
3917917095,108
2235251195,108
545885461,107
131082646,107
75349926,106
1782414155,106
1921703605,106
1286704427,106
1183814492,105
2723453749,105
1463184022,105
2599969443,105
4009133293,105
3295028083,104
1484869352,104
1348563946,104
2345607301,104
251369661,104
3145161786,104
3170659890,103
4173269164,103
2302111440,102
2400289388,102
4251876277,102
4048438394,101
3148729817,101
1731325621,101
2303123038,101
1260628285,101
499851596,100
2082340947,99
1732487997,99
1790241051,99
1935568911,99
452084301,98
4243977028,98
751394476,98
2515575546,97
567005370,97
3476748171,97
466573988,96
717723595,96
2226021547,95
1709143017,95
2275028728,94
1332200815,94
4189401863,94
2083572173,94
1506997381,93
2605374084,93
2635423814,93
1006874585,93
220373191,93
2449221252,93
3528907692,93
77081066,92
574825301,92
2194922484,92
3661708545,91
3411030296,91
4019321572,91
880800847,90
985065507,90
2965709914,90
1932341906,89
3226430046,89
1168340867,89
440332323,89
3477572639,89
1349051879,89
230972872,89
2053761549,88
1972890269,88
3369225948,88
347328515,88
55467685,88
2850682032,88
4006278292,88
3145053355,88
2310445645,88
3411158823,87
1172357439,87
2858981771,87
4188991286,87
1741427994,86
2432007037,86
1392066550,86
3654747596,86
1740924291,86
2840499317,85
4251370388,85
953509831,85
1300930276,85
3143742014,84
2410786482,83
1628170382,83
325281617,83
1501961448,82
2851990823,82
977565923,82
4149704519,82
876319778,82
484905196,81
362733747,81
2021017611,81
2648631664,81
2916997041,81
1514213548,81
3073853501,81
3870742127,80
3600182528,80
2323767245,80
4255906034,79
3218325630,79
1929936634,79
1683417876,79
3144461737,79
2898420498,78
3991997381,78
2766092170,78
4067119069,78
2850007887,78
1078999752,77
2252049393,77
2268332792,77
3816012684,76
2698958207,76
2144148858,76
2361009200,76
3113565243,75
1396178409,75
2667395102,75
2250750806,75
1226508140,75
1987872597,75
1350205442,74
1742403229,74
3508781564,74
548586076,74
1750450472,74
3008859944,73
905001259,73
3831044002,73
3411433865,72
4131519950,72
3139639237,72
1850810846,72
2065620398,72
419234037,72
1306816608,72
4056323594,71
1082674877,71
1012780892,71
3345266139,71
545678409,70
2828347762,70
4009408497,70
3124594408,69
3885512107,69
3511282223,69
1785550757,69
2496602890,69
3788477428,69
4250585145,69
4047202358,68
2140668639,68
1084224517,68
368504073,68
3068057572,68
2397635138,68
3420512810,67
3777176812,67
3285223378,67
2667353827,67
500153118,66
734082986,66
1167669936,66
2745462063,66
1190228410,66
3327594971,66
3497585614,66
4141159211,65
1459140616,65
2632453396,65
4140874180,65
1521289298,65
468027130,65
459394845,65
274215673,64
3797992517,64
219592282,64
1456517410,64
1390916045,64
3855138882,64
565994755,64
3416753546,64
1603809403,64
1297193809,63
1323106289,63
3254198221,63
3692651527,62
674450788,62
3269845241,62
1429182865,62
2203904776,61
768707311,60
273299123,60
828869727,60
237789863,60
2649453720,59
2127653824,59
3331613031,59
880707498,59
1418286036,59
704535327,59
994563162,59
1770131037,58
2996859143,58
2815521255,58
437257260,58
459088226,58
472259622,58
1134135170,58
1322374143,57
3025200754,57
929518840,57
860679140,57
4229666849,57
1443351298,57
3437614847,57
1913329720,57
4262358,57
239116674,56
926346402,56
336461211,56
1843935136,56
20831399,56
451685983,56
486382505,55
4074892732,55
1854136241,55
713181696,55
3880898280,55
778974661,55
3785494110,55
1045831773,54
3133194725,54
3236783183,54
591530518,54
1845306853,54
3775413331,54
1068491328,53
3996340250,53
3338474612,53
499970341,53
2907735638,53
4086206150,52
762588116,52
2263094741,52
3663691952,52
3574056930,52
2093146303,52
664138096,51
645320126,51
4124282312,51
3951815749,51
1841917359,51
1760379884,51
2306765970,51
289801995,51
4162792596,51
3167636334,51
3346677649,51
3313103029,50
3412037455,50
2997329641,50
526681200,50
2320534195,50
951410804,50
3073478994,49
4055682519,49
2127640463,49
205411616,49
1417012329,49
980291093,49
3297897533,49
499518222,49
80979910,49
3042443271,48
1782135647,48
3041288726,48
2426239836,48
2436217438,48
764110879,48
3887893395,48
1597841496,48
1917798727,48
913597477,48
1260399517,48
2680632905,47
1251717127,47
3388061720,47
2004842835,47
3177461711,47
3429697732,47
1189346528,47
2400057849,47
3817173321,47
3630580964,46
4048374674,46
654382529,46
342854205,46
4002801397,46
3075685683,46
1527329076,46
2393016670,45
2430356512,45
871878897,45
3895004416,45
3136580417,45
4232044298,45
1453202975,45
2177177051,45
572778919,45
2620540851,45
3063193425,45
2200643434,45
1342808486,45
355836040,44
275531971,44
2931256440,44
3509074628,44
1370727332,44
165618484,44
1538197886,44
2959956975,44
2977973464,43
1356798627,43
3775680495,43
1179317332,43
1880975502,43
858900542,43
2033980123,43
1800679781,43
718158388,43
1185248173,43
503505867,43
1637791587,43
119058826,42
2339286066,42
2209779040,42
3623693988,42
413476074,42
1627070083,42
283230924,42
4075189200,42
3679420790,42
3371273768,42
3963857170,42
1699191938,42
320457814,42
889510572,41
3319683426,41
2848822290,41
4042284749,41
3112569564,41
327021972,41
3777946357,40
1639736845,40
716691771,40
3956197757,40
1632954944,40
2389405982,40
2441726379,40
3995701397,39
2442342929,39
469168129,39
2213570615,39
2201149108,39
1547062076,39
2603431800,39
243253270,39
2091012060,39
2982494297,39
512980143,39
261016205,39
2537944317,39
3206513801,39
2096913759,39
3249995973,39
1311675632,38
133963525,38
1143675050,38
100267188,38
202055245,38
2812717155,38
2206467902,38
2857830352,38
971284786,38
3387271265,37
2841872940,37
3812858282,37
240417103,37
1962511899,37
2361171451,37
3866933576,37
2998470088,37
409474285,37
2381291340,37
1808150112,36
3394264871,36
4158670456,36
1514538910,36
3188978453,36
2301358638,36
1410146000,36
2536602154,36
1042794304,36
2515627737,36
1201872416,36
3108082285,35
1693384495,35
3128421133,35
2551795614,35
3862440358,35
1921812927,35
1368841224,35
3937266705,35
645427417,35
3746329795,35
554114553,34
1201228758,34
3281203174,34
3990494754,34
725338936,34
1606805356,34
724182267,34
3163127853,33
341355591,33
2343686718,33
2982146873,33
945385475,33
381947833,33
3569556937,33
1135282901,33
896566896,33
3591356197,33
2123773062,33
1738883032,33
3298286065,33
3995292168,33
360760279,32
2898316949,32
2268602540,32
1443188211,32
1086092262,32
17401147,32
751208592,32
2728963154,32
974111410,32
1531048361,32
828867538,32
788795039,32
2638770898,32
559345677,32
2407144116,32
1705122788,32
1301,32
3438379477,32
2243449862,32
2450272218,31
1732500434,31
3270621041,31
2315932314,31
2308325357,31
1550632185,31
298641253,31
468899516,31
3956305623,31
2355790330,31
3995836550,31
3175273515,31
1370244756,31
3183342182,31
2880389166,31
1805991758,31
605057056,30
2060852840,30
856616506,30
1804785040,30
2691733263,30
724792187,30
3111815485,30
1040769162,30
2164975179,30
1888527858,30
2796474771,30
1043903882,30
4089091253,30
3416363438,30
2275947407,29
703029475,29
2828964885,29
1270241800,29
2839761603,29
1703331244,29
2994363234,29
2402602004,29
1962383056,29
2880540013,29
1202540357,28
31076933,28
973568863,28
776220509,28
2413264870,28
3615723958,28
990359201,28
374850792,28
2730990429,28
767401338,28
164281384,28
2627908153,28
329402346,28
2159780747,28
3248696136,27
3222230648,27
3085412755,27
2360913016,27
1235414587,27
2102931051,27
1145656637,27
2092815408,27
3846493271,27
1705153382,27
2204373604,27
2880238352,26
2997633404,26
4163444918,26
3295264791,26
2702971569,26
454947147,26
1442376627,26
2424524530,26
3102625017,26
3662652309,26
3614088246,25
2643063376,25
4194743137,25
4003007721,25
1582115495,25
3258157851,25
1638628384,25
185343576,25
4122325276,25
4241382446,25
980182100,25
4235853284,25
2246961199,24
486705461,24
1707548957,24
2172171433,24
3995506898,24
4272365792,24
1763297388,24
4224810982,24
3578072058,24
2142632594,24
2278460445,24
3079523039,24
2924120306,24
1059124080,24
324911015,24
1791915368,24
3195693593,24
1968729688,24
26922886,23
1798186855,23
797143153,23
3964397930,23
4252058327,23
2319429949,23
2200592938,23
2415956161,23
22916160,23
1543123576,23
2365646763,23
1505942694,23
3232237617,23
4280894460,22
3224978178,22
2270020981,22
691471155,22
645103881,22
3699030742,22
1677880718,22
1707663294,22
1685266405,22
3450671348,22
585649706,22
3935867650,22
1721690236,22
198581797,22
1044182277,22
3796683318,22
3325788165,21
1193436720,21
2965066599,21
2860847308,21
905783794,21
1539799111,21
361241218,21
2417917080,21
133109012,21
4169484186,21
3533661508,21
584554983,21
1190463567,21
2542203956,21
2850095183,21
3021397531,21
1979109012,21
1626105231,21
3982992527,21
2635339062,21
4285135305,21
2043644010,20
2398858967,20
2890677236,20
2359724532,20
2701659330,20
2469459472,20
4056422787,20
1362101372,20
1155822556,20
3661288325,20
3396494621,20
3670614808,20
3804771123,20
3406159378,20
788865509,20
2242358939,20
2623424949,20
3783696047,20
3876640709,20
3175776621,20
1845896668,20
962486499,20
1612951680,20
3264156882,20
3981076150,20
733326865,20
2820087971,20
3175484661,20
1145398628,20
3395374354,20
881559509,20
3851913454,19
1061753329,19
3820565719,19
3402413507,19
285132555,19
2442828797,19
4275589666,19
2808643237,19
3473890646,19
2347940340,19
744865147,19
2043635386,19
775995907,19
1704331626,19
3206633359,19
4004218203,19
736728097,19
151678406,19
1506188466,19
1283479991,19
148058140,19
927681017,19
571651452,19
2297802135,19
4266932408,19
86538086,19
3135237174,19
4203509281,19
889094846,18
1651390832,18
3210028907,18
674018521,18
763655771,18
323228132,18
2361037744,18
3995156051,18
2041751941,18
1629418935,18
1523372879,18
2643421010,18
2930852949,18
1203399522,18
628810978,18
189302381,18
485519762,18
1314643790,18
115979668,18
2013359779,18
4136183575,18
3914315200,18
1362584143,18
3891955260,18
1683949970,18
2457459978,18
571968907,17
1258891165,17
1309174377,17
2035488874,17
4100244337,17
2998752327,17
2016578191,17
3613135607,17
263889283,17
294544644,17
1444134716,17
948223965,17
1151969972,17
1950273483,17
3831318333,17
2845523014,17
1476704407,17
4068219014,17
1710426746,17
4106553025,17
1574881089,17
2583748510,16
2687661224,16
2815508886,16
2456190008,16
2719762529,16
2326022201,16
1998784235,16
3740121930,16
1984358420,16
780900347,16
2088929298,16
2797039712,16
909362583,16
1540431537,16
2232695517,16
1889026003,16
1136069696,16
4047998348,16
4200115125,16
1231564189,16
1000753604,16
1250928372,16
1886461465,16
1519981399,16
3084296218,16
597171598,16
2238073819,16
3862823848,16
4162687051,16
130631342,16
1828971747,16
2537506248,16
2368130475,16
4253926346,16
4115301875,16
1407268540,16
1940986821,16
2845782013,16
1581868847,16
1740754147,15
3994934615,15
925317707,15
2092347727,15
3789445732,15
1629644444,15
4141156724,15
2099818881,15
4258857315,15
2971701610,15
126180129,15
1907808831,15
2813502418,15
2632837202,15
1399698004,15
1546386415,15
442758028,15
1767600163,15
3982328698,15
2987378499,15
2269489080,15
2843992054,15
2159038949,15
3844001038,15
1105115376,15
2418176420,15
832019863,15
2144549346,15
4165054730,15
3823506351,15
2583007964,15
2693939312,15
3681974712,15
3867217312,15
3088118672,15
1269859638,15
1744992514,15
3166217216,15
2072555532,15
3707577421,15
3597712708,15
3928989804,15
1239621483,15
2898870469,15
1957008621,14
3410651186,14
191043021,14
2841900637,14
4078956153,14
369268410,14
2798974770,14
773169562,14
601940576,14
926917182,14
1568767452,14
4194354829,14
2909050431,14
1475550410,14
1212983550,14
1021876022,14
1528067230,14
568865534,14
2040471681,14
2648665615,14
1353626381,14
851116718,14
1687514157,14
3147100053,14
2184651344,14
1029762747,14
2369724735,14
2052518480,14
1260625356,14
1817259844,14
1527289199,14
4074610430,14
918112266,14
3624552040,14
1991371615,14
2010995999,13
3560423313,13
3693875873,13
70564331,13
1166938615,13
2389967757,13
1018328099,13
3199789377,13
1489997388,13
4194974166,13
477412243,13
1488506657,13
2548599705,13
264967530,13
661198382,13
2292263952,13
1372140509,13
3611909970,13
88159034,13
1166873667,13
981979312,13
2173956367,13
3124498018,13
3327625720,13
1972308527,13
4134417966,13
2698020911,13
593714733,13
4160234444,13
1577910274,13
2669891477,13
3243361835,13
2646783783,13
2604402283,13
2315329083,13
3396373022,13
2793642253,13
1634854406,12
3056996105,12
2866924623,12
2157360080,12
334457119,12
2549182773,12
1956662434,12
1132068546,12
2434389300,12
1081516635,12
2137907259,12
3882267910,12
176398456,12
3987005704,12
56794747,12
413381818,12
3240183020,12
1469662898,12
3614969428,12
3192963618,12
4213529799,12
2244205113,12
1186693365,12
1695725765,12
2896281572,12
4265078030,12
1173528643,12
1486715685,12
3589238886,12
3865808581,12
971413882,12
1277743236,12
427212850,12
1025570266,12
1501551346,12
3799380419,12
934571645,12
202547076,12
2633382186,11
1342092334,11
2465873817,11
737872620,11
4018138687,11
3218503234,11
3888744655,11
138350191,11
2155183954,11
146172592,11
2989977746,11
1812201749,11
4149829405,11
3252563921,11
1047321711,11
3927345425,11
2419709174,11
4074338343,11
1033828962,11
2471327488,11
3696647777,11
1766364111,11
1468912781,11
3355829421,11
1852877071,11
1597683148,11
733944054,11
4074758235,11
1890837976,11
3507400139,11
2353960397,11
1908753780,11
985012233,11
395475086,11
3178520202,11
3685980449,11
3999097472,11
694029191,11
1151890095,11
56780848,11
121171159,11
2424833583,10
1180614244,10
4250103431,10
3047255063,10
3786690873,10
1332891048,10
2739805032,10
2394251496,10
2975375425,10
3948141627,10
1546271154,10
3393501767,10
579606081,10
1695763958,10
3194764677,10
1049853507,10
1315870691,10
1696668313,10
9970228,10
3643098959,10
1694604723,10
4043670105,10
1741045729,10
537493449,10
1220912688,10
1938230667,10
1732628033,10
258745374,10
4247666483,10
1325028545,10
1674059338,10
469426350,10
2745890016,10
2327279874,10
847833631,10
3018557707,10
1531406731,10
3117615965,10
171373497,10
2476015669,10
1998268545,10
3500968226,10
2065492222,10
1696185221,10
341872185,10
2673417767,10
3718732208,10
3628215545,10
7682495,10
1715885901,10
4187923728,10
319067410,9
782176117,9
3295236538,9
4283491383,9
1596932989,9
1354413470,9
1969455376,9
1488920869,9
4102876710,9
2857570931,9
4261937876,9
3476706207,9
1710440322,9
787341104,9
600228607,9
3275033123,9
971637208,9
3025587565,9
2083211117,9
1131562137,9
1204528705,9
2285252441,9
324273433,9
202058684,9
2858978810,9
2918505930,9
1364411180,9
621837510,9
1837386944,9
1805574542,9
142842977,9
2579850851,9
2647307292,9
135957847,9
935662046,9
2053799731,9
915709890,9
4275613329,9
2657459734,9
3723641423,9
2928497678,9
3081034642,9
1332561197,9
484910109,9
1614708252,9
2685867867,9
3613916939,9
2651348738,9
1911422151,9
1471786266,9
3032915404,9
1593640579,9
70206646,8
3400845429,8
3742395837,8
1216747791,8
960521069,8
1255495235,8
2043162897,8
490563856,8
2507024422,8
1190989288,8
2387843062,8
957245181,8
1512650900,8
3526044183,8
3012774753,8
724839336,8
2845507784,8
4277327800,8
1583534799,8
702214501,8
1530150470,8
3340738977,8
4098441858,8
4233843045,8
1204199346,8
2200400486,8
3227173725,8
561075319,8
792021991,8
3626041065,8
528611383,8
3214539579,8
1951382183,8
2418305141,8
2405579150,8
3477162954,8
2794144294,8
378951996,8
1382748768,8
1820072578,8
883314331,8
1550462580,8
351127716,8
971264413,8
2093143808,8
1545070160,8
2389010317,8
2556832888,8
2188020270,8
165163115,8
3000844664,8
2538677836,8
2103456011,8
2857570276,8
2251982232,8
2378985691,8
304555710,8
1116101896,8
1423472181,8
4280325454,8
4111547588,8
645703434,8
2880842439,8
2283505073,8
3408803484,8
973843180,8
795684903,8
1086083300,7
1725005989,7
2119007969,7
2486148891,7
2797318927,7
3166840544,7
672924830,7
3887153055,7
278496394,7
3896124736,7
454672055,7
1274864999,7
746237879,7
1120547684,7
406983391,7
4124481675,7
2393855643,7
2244491122,7
1907621030,7
1753298119,7
1969470942,7
3177290410,7
2208304803,7
4210767187,7
3974266319,7
2235790694,7
2530460770,7
1470918147,7
2239694069,7
2091820673,7
3084961583,7
2565707957,7
1998505459,7
871877728,7
1453086075,7
2951477245,7
1773530763,7
2225335577,7
3884466419,7
3450413832,7
1314631450,7
219610753,7
408814436,7
3016580229,7
3166043831,7
2345424267,7
3108570739,7
2632467478,7
145021685,7
4132353132,7
2909168227,7
636977345,7
592940948,7
2530450902,7
1237532897,7
3003677451,7
4193537330,7
1034759589,7
3064197019,7
2040420516,7
1443039834,7
1680678703,7
2769904609,7
2439148,7
3789974728,7
556572942,7
616894559,7
3566682675,7
2826091564,7
3419326780,7
469438472,7
591295897,7
1533934640,7
3943087404,7
3916288521,7
4014186009,7
2452201263,7
4252312122,7
111118128,7
2421641516,7
3156802940,7
3802687177,7
2727648395,7
4279707839,7
4125621781,7
1627447761,6
2454742684,6
259610089,6
1738292738,6
4268050912,6
2968781169,6
3626741863,6
457758100,6
394120821,6
2678211708,6
3387241273,6
3638220781,6
1487199950,6
2327478367,6
3149197448,6
2722711951,6
3959273140,6
3427098681,6
3143838675,6
4064540216,6
1688867222,6
3416154723,6
162273558,6
3630072722,6
2900139540,6
2848818301,6
4088010671,6
1380771802,6
95536980,6
3517354245,6
1990997522,6
1160134284,6
744691177,6
136060501,6
1378349291,6
2039217823,6
3025617963,6
262673770,6
3804745459,6
1331473372,6
656023557,6
2754043255,6
3997808805,6
3028175681,6
2209900734,6
4074895917,6
1586166038,6
2503732584,6
36013693,6
2710875749,6
543969742,6
127351899,6
2746555207,6
3870918691,6
852400957,6
2432910316,6
2304078327,6
474681793,6
4294522964,6
3982379045,6
1898587688,6
781609401,6
4004916846,6
2891910083,6
1928265545,6
3242367659,6
3525680972,6
4288127651,6
2180853134,6
1610293021,6
2447801009,6
2064745600,6
613946594,6
3245444365,6
1502219521,6
318370433,6
1052885614,6
787485710,6
1156616546,6
1141071319,6
3053062263,6
3038486491,6
3227968710,6
2922078300,6
682580552,6
1660778215,6
4112567583,6
2987015149,6
2894675273,6
2618571707,6
2456970889,6
1175332503,6
3720509796,6
2418862512,6
1675508538,6
2975631468,6
79560210,6
3699244264,6
359833324,6
1394865670,6
2365195876,5
4096277214,5
225684655,5
4085448647,5
1210061404,5
3589311979,5
3258787500,5
3286053834,5
305255154,5
218408506,5
26664799,5
2124209109,5
3898407222,5
1452842193,5
3551787760,5
1152031874,5
1687446053,5
2524180645,5
124378073,5
3006002240,5
480125546,5
1236334648,5
1565679274,5
2574787838,5
3437528241,5
2974193007,5
2854597983,5
2506618162,5
513107350,5
862359262,5
668054622,5
3614870181,5
4216936826,5
1681463618,5
4230292477,5
185338601,5
4265265111,5
718107017,5
1226462966,5
415421637,5
2154963842,5
588719290,5
2710748896,5
1852881052,5
1913350539,5
266282396,5
2955950695,5
4205228410,5
3995110180,5
582607841,5
3924709317,5
3841240008,5
2530171121,5
2779788198,5
2240430134,5
1549016229,5
2053209054,5
242137249,5
2462048873,5
1913247872,5
3238367045,5
862440618,5
3829289227,5
449224273,5
1634850551,5
2875299050,5
1384760687,5
744077292,5
1499914717,5
324569186,5
697712464,5
573653888,5
3481650176,5
2093883523,5
4021886800,5
2226093657,5
2466986957,5
3851917407,5
1907674422,5
3096501586,5
904056367,5
3629830823,5
1316270978,5
2020724643,5
925842794,5
509927571,5
1157342666,5
2626955456,5
2284216728,5
2837491657,5
1963012827,5
1159895599,5
694620592,5
1678486252,5
3518022261,5
2662259053,5
4274306622,5
3979703018,5
1687770319,5
3457869732,5
2858202198,5
4237247172,5
1133357589,5
4171051486,5
4196625342,5
1049557479,5
3092985258,5
734705286,5
737505311,5
3510620567,5
3588968680,5
419567538,5
721740560,5
2905516689,5
118587743,5
3328814659,5
4184773331,5
2476327425,5
2563827157,5
1576727855,5
3523005183,5
1612788349,5
579626418,5
2037383049,5
3309261361,5
205541355,5
2151753403,5
3246352876,5
3200224475,5
3882065037,4
1479083068,4
2057435328,4
927687127,4
746077365,4
2089874286,4
2772652009,4
3881986334,4
1607641609,4
1301718899,4
47463657,4
2306827779,4
2722180960,4
3400663259,4
814713984,4
720830313,4
2233186467,4
1906260833,4
737221927,4
578945258,4
231714826,4
3625799318,4
2840949599,4
2107739232,4
78708495,4
401138339,4
2995492614,4
1720811028,4
3788138975,4
1082823882,4
4224942840,4
3096778890,4
999270908,4
92798893,4
1714544301,4
1150913573,4
3604834611,4
1404843647,4
2577872951,4
916894405,4
630769112,4
2308383191,4
3245140844,4
3563812558,4
2673767447,4
124503918,4
2640041684,4
3768351630,4
2506834133,4
1313901368,4
3583176349,4
634147940,4
2293894344,4
2969012875,4
332300504,4
1514343408,4
1658348508,4
104107388,4
1412763934,4
3101871423,4
2872797047,4
4118614685,4
962432509,4
1597958347,4
2870478342,4
273384971,4
2521781687,4
1638588556,4
3720786592,4
2902365081,4
3976835436,4
3105760376,4
2456316603,4
3241540441,4
3447475816,4
3759911438,4
3995900045,4
1614292884,4
2255774483,4
2206636957,4
2663012204,4
179354958,4
1485225590,4
1238034959,4
1759221656,4
736490355,4
933970037,4
2567653909,4
128134640,4
714614450,4
2578830394,4
720543508,4
3436430645,4
4049189693,4
1972341870,4
980091401,4
350447530,4
2386678727,4
2533083573,4
3291368561,4
55752942,4
3362824260,4
730823132,4
3721067444,4
3725338750,4
758494440,4
739060107,4
2554683743,4
3201826370,4
3317279003,4
1842192856,4
2008458584,4
526744279,4
1925106972,4
2317892479,4
2648462710,4
2302016962,4
686200767,4
3934304087,4
1971217538,4
3797719121,4
3303015575,4
2362471213,4
2491054192,4
2222711142,4
1212791823,4
1782525992,4
289936177,4
738308006,4
752557879,4
673715255,4
2573080304,4
1057488840,4
4287125113,4
461762785,4
2977710457,4
4013440105,4
4025464604,4
1930058827,4
2284461984,4
1411944619,4
1926289789,4
2376956358,4
459919404,4
317370348,4
3579871081,4
3468721844,4
2270027066,4
3016494865,4
780881019,4
717391248,4
2055179791,4
3562976218,4
2231278038,4
4151741064,4
2715104283,4
2481820213,4
569087667,4
3014801785,4
1205334769,4
1901826219,4
671597047,4
260108766,4
746249786,4
2433164502,4
3002346428,4
