,class_id,model_type,fragment,count,freq
0,10101010,mol2vec,2246997334,21045,0.000306811226727942
1,10101010,mol2vec,3696402029,19098,0.0002784262679045016
2,10101010,mol2vec,2246703798,28179,0.0004108165149901011
3,10101010,mol2vec,535847852,18726,0.0002730029475745993
4,10101010,mol2vec,2245384272,2121169,0.030924136991555336
30,11000011,mol2vec,2245384272,2121169,0.030924136991555336
23,110110,mol2vec,2245384272,2121169,0.030924136991555336
5,10101010,mol2vec,616155759,679,9.899017483880857e-06
6,10101010,mol2vec,3217380708,6319726,0.09213413573981802
2,11000011,mol2vec,3217380708,6319726,0.09213413573981802
8,110110,mol2vec,3217380708,6319726,0.09213413573981802
7,10101010,mol2vec,4086265842,30685,0.00044735103312648617
467,11000011,mol2vec,4086265842,30685,0.00044735103312648617
8,10101010,mol2vec,1136130381,17579,0.00025628104322406714
26,110110,mol2vec,1136130381,17579,0.00025628104322406714
9,10101010,mol2vec,864674487,699134,0.010192547407327775
13,110110,mol2vec,864674487,699134,0.010192547407327775
10,10101010,mol2vec,2077658817,14154,0.0002063485912619288
11,10101010,mol2vec,2246699815,1554812,0.022667321313914232
12,10101010,mol2vec,2664995851,2246,3.2744025432689846e-05
13,10101010,mol2vec,2246728737,2572786,0.03750817908141958
0,11000011,mol2vec,2246728737,2572786,0.03750817908141958
15,110110,mol2vec,2246728737,2572786,0.03750817908141958
14,10101010,mol2vec,3545365497,80475,0.001173230385884112
15,10101010,mol2vec,864942730,2199795,0.03207041114278894
16,10101010,mol2vec,1510328189,1551529,0.022619459054121036
17,10101010,mol2vec,3983062349,110777,0.0016149977316816933
137,11000011,mol2vec,3983062349,110777,0.0016149977316816933
66,110110,mol2vec,3983062349,110777,0.0016149977316816933
18,10101010,mol2vec,3218693969,8074516,0.11771689993796129
4,11000011,mol2vec,3218693969,8074516,0.11771689993796129
10,110110,mol2vec,3218693969,8074516,0.11771689993796129
19,10101010,mol2vec,951226070,4145346,0.06043424525881528
39,11000011,mol2vec,951226070,4145346,0.06043424525881528
11,110110,mol2vec,951226070,4145346,0.06043424525881528
20,10101010,mol2vec,98513984,1753862,0.02556923505495471
40,11000011,mol2vec,98513984,1753862,0.02556923505495471
18,110110,mol2vec,98513984,1753862,0.02556923505495471
21,10101010,mol2vec,3776905034,338597,0.004936344069204133
86,11000011,mol2vec,3776905034,338597,0.004936344069204133
22,10101010,mol2vec,2041434490,1626192,0.023707957349259467
12,11000011,mol2vec,2041434490,1626192,0.023707957349259467
23,10101010,mol2vec,1100037548,373333,0.005442753894417809
13,11000011,mol2vec,1100037548,373333,0.005442753894417809
24,10101010,mol2vec,553412256,33246,0.0004846873862578836
56,11000011,mol2vec,553412256,33246,0.0004846873862578836
25,10101010,mol2vec,2092489639,1101275,0.016055287893315007
9,11000011,mol2vec,2092489639,1101275,0.016055287893315007
26,10101010,mol2vec,3044392905,5691,8.296805375665089e-05
125,11000011,mol2vec,3044392905,5691,8.296805375665089e-05
27,10101010,mol2vec,2473389857,85939,0.001252889047934075
138,11000011,mol2vec,2473389857,85939,0.001252889047934075
28,10101010,mol2vec,2370996728,53097,0.0007740915041850101
29,10101010,mol2vec,10565946,305259,0.004450315431681865
30,10101010,mol2vec,3542456614,335697,0.004894065496739841
54,11000011,mol2vec,3542456614,335697,0.004894065496739841
38,110110,mol2vec,3542456614,335697,0.004894065496739841
31,10101010,mol2vec,592593828,40756,0.0005941743101223096
96,11000011,mol2vec,592593828,40756,0.0005941743101223096
32,10101010,mol2vec,848128881,225379,0.003285759442561979
97,11000011,mol2vec,848128881,225379,0.003285759442561979
33,10101010,mol2vec,3012778962,33762,0.0004922100563929094
34,10101010,mol2vec,1738265797,63500,0.0009257549487870904
35,10101010,mol2vec,2994748777,250296,0.0036490198529387967
36,10101010,mol2vec,994485099,926751,0.013510934244777714
5,11000011,mol2vec,994485099,926751,0.013510934244777714
30,110110,mol2vec,994485099,926751,0.013510934244777714
37,10101010,mol2vec,3994088662,74964,0.0010928865193838653
37,110110,mol2vec,3994088662,74964,0.0010928865193838653
38,10101010,mol2vec,2115476908,137696,0.0020074449358769638
25,110110,mol2vec,2115476908,137696,0.0020074449358769638
39,10101010,mol2vec,3162837314,190084,0.002771200058035359
12,110110,mol2vec,3162837314,190084,0.002771200058035359
40,10101010,mol2vec,1054767590,335264,0.004887752868506379
41,10101010,mol2vec,847961216,1182165,0.01723456848870694
47,11000011,mol2vec,847961216,1182165,0.01723456848870694
42,10101010,mol2vec,1790668568,431334,0.006288339922521746
43,10101010,mol2vec,3918336191,242877,0.003540859601520664
131,11000011,mol2vec,3918336191,242877,0.003540859601520664
44,10101010,mol2vec,2076190208,245210,0.0035748719841272826
14,110110,mol2vec,2076190208,245210,0.0035748719841272826
45,10101010,mol2vec,3975275337,366516,0.005343370091490539
16,110110,mol2vec,3975275337,366516,0.005343370091490539
46,10101010,mol2vec,3992410619,72516,0.001057197572696766
243,11000011,mol2vec,3992410619,72516,0.001057197572696766
47,10101010,mol2vec,4121755354,261433,0.00381138415001977
141,11000011,mol2vec,4121755354,261433,0.00381138415001977
31,110110,mol2vec,4121755354,261433,0.00381138415001977
48,10101010,mol2vec,4041573576,137522,0.0020049082215291064
300,11000011,mol2vec,4041573576,137522,0.0020049082215291064
49,10101010,mol2vec,3772302167,65728,0.0009582365554941398
50,10101010,mol2vec,3777168895,255832,0.0037297281898913217
129,11000011,mol2vec,3777168895,255832,0.0037297281898913217
51,10101010,mol2vec,3118255683,119005,0.0017349522469355544
110,11000011,mol2vec,3118255683,119005,0.0017349522469355544
52,10101010,mol2vec,1135286194,205453,0.0029952619132780174
34,110110,mol2vec,1135286194,205453,0.0029952619132780174
53,10101010,mol2vec,3315826729,253469,0.003695278442741969
54,10101010,mol2vec,3995043796,60866,0.0008873543419350401
55,10101010,mol2vec,4118787735,3681,5.3664629393468976e-05
98,11000011,mol2vec,4118787735,3681,5.3664629393468976e-05
56,10101010,mol2vec,1486365896,323,4.708958243436696e-06
57,10101010,mol2vec,1101907775,354080,0.005162067909709181
37,11000011,mol2vec,1101907775,354080,0.005162067909709181
58,10101010,mol2vec,3796970912,7630,0.00011123638203536221
158,11000011,mol2vec,3796970912,7630,0.00011123638203536221
59,10101010,mol2vec,328936174,30385,0.00044297738769914557
60,10101010,mol2vec,2132511834,244655,0.0035667807400867027
73,11000011,mol2vec,2132511834,244655,0.0035667807400867027
61,10101010,mol2vec,2296565457,68782,0.001002760265944467
118,11000011,mol2vec,2296565457,68782,0.001002760265944467
62,10101010,mol2vec,3430642422,9221,0.00013443128161835845
63,10101010,mol2vec,2975126068,33470,0.0004879530415102979
26,11000011,mol2vec,2975126068,33470,0.0004879530415102979
64,10101010,mol2vec,3657471097,142742,0.0020810096519648324
25,11000011,mol2vec,3657471097,142742,0.0020810096519648324
65,10101010,mol2vec,2222715027,71823,0.0010470944517596095
66,10101010,mol2vec,2827868305,75951,0.0011072758128398159
67,10101010,mol2vec,2308348490,28429,0.00041446121951288495
68,10101010,mol2vec,2037096428,1990,2.9011848001359214e-05
69,10101010,mol2vec,2353112200,130509,0.0019026669702559746
42,11000011,mol2vec,2353112200,130509,0.0019026669702559746
70,10101010,mol2vec,3189457552,505504,0.00736965086034125
71,10101010,mol2vec,4197146180,80683,0.001176262780047068
72,10101010,mol2vec,368713488,29059,0.0004236458749103002
73,10101010,mol2vec,3328145258,15451,0.00022525731832613124
74,10101010,mol2vec,847957139,184705,0.002692780595523142
7,11000011,mol2vec,847957139,184705,0.002692780595523142
75,10101010,mol2vec,2591432844,67686,0.0009867818813165828
76,10101010,mol2vec,422715066,693869,0.010115789930077947
1,11000011,mol2vec,422715066,693869,0.010115789930077947
82,110110,mol2vec,422715066,693869,0.010115789930077947
77,10101010,mol2vec,3207567135,117262,0.0017095413670027055
156,11000011,mol2vec,3207567135,117262,0.0017095413670027055
78,10101010,mol2vec,1909986973,21820,0.00031810981074857186
79,10101010,mol2vec,2251883808,64854,0.0009454946684824876
80,10101010,mol2vec,3370781832,3554,5.1813119495894794e-05
485,11000011,mol2vec,3370781832,3554,5.1813119495894794e-05
81,10101010,mol2vec,222023415,52077,0.0007592211097320521
58,11000011,mol2vec,222023415,52077,0.0007592211097320521
82,10101010,mol2vec,3458774156,223664,0.0032607567695356818
33,11000011,mol2vec,3458774156,223664,0.0032607567695356818
83,10101010,mol2vec,4164236649,33366,0.0004864368444288198
109,11000011,mol2vec,4164236649,33366,0.0004864368444288198
84,10101010,mol2vec,2435680164,130389,0.0019009175120850385
24,11000011,mol2vec,2435680164,130389,0.0019009175120850385
85,10101010,mol2vec,618671879,48744,0.0007106299090342982
55,11000011,mol2vec,618671879,48744,0.0007106299090342982
86,10101010,mol2vec,3818546315,185543,0.0027049976450835137
212,11000011,mol2vec,3818546315,185543,0.0027049976450835137
87,10101010,mol2vec,994637429,19824,0.00028901048983866586
88,10101010,mol2vec,3726304495,1663,2.4244574485557975e-05
89,10101010,mol2vec,3982076256,52768,0.0007692950730330266
43,11000011,mol2vec,3982076256,52768,0.0007692950730330266
90,10101010,mol2vec,2759434019,3778,5.5078774748309096e-05
91,10101010,mol2vec,4277401654,7884,0.00011493940183051056
92,10101010,mol2vec,2360741695,57639,0.0008403084959549466
182,11000011,mol2vec,2360741695,57639,0.0008403084959549466
65,110110,mol2vec,2360741695,57639,0.0008403084959549466
93,10101010,mol2vec,3176806076,21185,0.000308852261260701
146,11000011,mol2vec,3176806076,21185,0.000308852261260701
94,10101010,mol2vec,1449131080,20828,0.00030364762320216564
329,11000011,mol2vec,1449131080,20828,0.00030364762320216564
95,10101010,mol2vec,3120642300,34745,0.0005065410345764954
87,11000011,mol2vec,3120642300,34745,0.0005065410345764954
96,10101010,mol2vec,2355616982,44713,0.0006518626933089319
97,10101010,mol2vec,369500293,4819,7.025532438118093e-05
98,10101010,mol2vec,2758632892,3896,5.6799075283063064e-05
99,10101010,mol2vec,4036277955,68872,0.0010040723595726691
3,11000011,mol2vec,4036277955,68872,0.0010040723595726691
100,10101010,mol2vec,3182824521,90350,0.0013171962145340729
38,11000011,mol2vec,3182824521,90350,0.0013171962145340729
101,10101010,mol2vec,540046244,71932,0.0010486835429315432
64,11000011,mol2vec,540046244,71932,0.0010486835429315432
102,10101010,mol2vec,3345225135,39187,0.0005713001445373183
399,11000011,mol2vec,3345225135,39187,0.0005713001445373183
103,10101010,mol2vec,2258843522,15201,0.00022161261380334744
444,11000011,mol2vec,2258843522,15201,0.00022161261380334744
104,10101010,mol2vec,2245273601,389792,0.005682706661379804
201,11000011,mol2vec,2245273601,389792,0.005682706661379804
62,110110,mol2vec,2245273601,389792,0.005682706661379804
105,10101010,mol2vec,1674219510,5363,7.818620142275852e-05
106,10101010,mol2vec,864662311,156660,0.0022839176421572535
6,110110,mol2vec,864662311,156660,0.0022839176421572535
107,10101010,mol2vec,1542633699,33056,0.0004819174108205679
108,10101010,mol2vec,4003049590,16692,0.00024334963157723015
61,110110,mol2vec,4003049590,16692,0.00024334963157723015
109,10101010,mol2vec,3462333187,14692,0.00021419199539495957
110,10101010,mol2vec,2309124039,161332,0.0023520298802790374
111,10101010,mol2vec,4042373501,20139,0.0002936028175373735
418,11000011,mol2vec,4042373501,20139,0.0002936028175373735
112,10101010,mol2vec,1868602760,70776,0.0010318304292181908
139,11000011,mol2vec,1868602760,70776,0.0010318304292181908
113,10101010,mol2vec,3908647167,180924,0.00263765808432056
140,11000011,mol2vec,3908647167,180924,0.00263765808432056
114,10101010,mol2vec,1739267982,30606,0.00044619930649728647
115,10101010,mol2vec,3143719699,60742,0.0008855465684917393
116,10101010,mol2vec,4194776273,59776,0.0008714634302157026
117,10101010,mol2vec,3346539298,44513,0.0006489469296907048
204,11000011,mol2vec,3346539298,44513,0.0006489469296907048
118,10101010,mol2vec,2407054516,6119,8.920778789965679e-05
119,10101010,mol2vec,3820826669,59027,0.0008605438954654423
41,11000011,mol2vec,3820826669,59027,0.0008605438954654423
120,10101010,mol2vec,717512901,363799,0.005303759442736924
121,10101010,mol2vec,1445852595,11197,0.00016323902616644176
108,11000011,mol2vec,1445852595,11197,0.00016323902616644176
122,10101010,mol2vec,1083852209,96691,0.0014096405000499617
8,11000011,mol2vec,1083852209,96691,0.0014096405000499617
123,10101010,mol2vec,1632503783,1486,2.166412368342703e-05
124,10101010,mol2vec,3614376044,12900,0.00018806675337564515
125,10101010,mol2vec,2059730245,7017,0.00010229956654549627
126,10101010,mol2vec,3537119515,406499,0.005926274975228401
200,11000011,mol2vec,3537119515,406499,0.005926274975228401
69,110110,mol2vec,3537119515,406499,0.005926274975228401
127,10101010,mol2vec,1168541985,2944,4.292004046030227e-05
487,11000011,mol2vec,1168541985,2944,4.292004046030227e-05
128,10101010,mol2vec,3594646603,37094,0.0005407866782725721
192,11000011,mol2vec,3594646603,37094,0.0005407866782725721
129,10101010,mol2vec,2447826885,88510,0.0012903711892463838
130,10101010,mol2vec,787069595,156419,0.00228040414699729
209,11000011,mol2vec,787069595,156419,0.00228040414699729
131,10101010,mol2vec,3624155,108484,0.00158156850179872
89,11000011,mol2vec,3624155,108484,0.00158156850179872
132,10101010,mol2vec,3661262542,22510,0.0003281691952314552
133,10101010,mol2vec,3460898310,107258,0.0015636948708189881
134,10101010,mol2vec,3376021752,101238,0.0014759303859103537
135,10101010,mol2vec,2064788354,9074,0.00013228819535896156
136,10101010,mol2vec,4194366826,39974,0.0005827736743750418
137,10101010,mol2vec,4008337421,86602,0.0012625548043284978
59,110110,mol2vec,4008337421,86602,0.0012625548043284978
138,10101010,mol2vec,2257970297,80142,0.0011683756394597637
207,11000011,mol2vec,2257970297,80142,0.0011683756394597637
139,10101010,mol2vec,1308598964,12449,0.00018149170641654314
268,11000011,mol2vec,1308598964,12449,0.00018149170641654314
140,10101010,mol2vec,3981762496,22266,0.0003246119636172182
20,11000011,mol2vec,3981762496,22266,0.0003246119636172182
141,10101010,mol2vec,2530377886,47968,0.0006993167461955772
151,11000011,mol2vec,2530377886,47968,0.0006993167461955772
142,10101010,mol2vec,2089117413,82512,0.0012029274383357545
188,11000011,mol2vec,2089117413,82512,0.0012029274383357545
143,10101010,mol2vec,2434373675,114191,0.001664769816644829
79,11000011,mol2vec,2434373675,114191,0.001664769816644829
144,10101010,mol2vec,2154935424,59791,0.0008716821124870697
145,10101010,mol2vec,411967733,35702,0.0005204929634897118
146,10101010,mol2vec,1256946769,42456,0.0006189583008772395
163,11000011,mol2vec,1256946769,42456,0.0006189583008772395
147,10101010,mol2vec,1473573141,1024,1.492870972532253e-05
442,11000011,mol2vec,1473573141,1024,1.492870972532253e-05
148,10101010,mol2vec,1912836315,9340,0.00013616616097120353
134,11000011,mol2vec,1912836315,9340,0.00013616616097120353
149,10101010,mol2vec,571978829,109080,0.0015902574773810367
133,11000011,mol2vec,571978829,109080,0.0015902574773810367
150,10101010,mol2vec,1686095578,25726,0.0003750546742125463
151,10101010,mol2vec,2720313463,48289,0.0007039965468028317
117,11000011,mol2vec,2720313463,48289,0.0007039965468028317
152,10101010,mol2vec,273092751,13956,0.00020346198527988402
153,10101010,mol2vec,1070821685,27707,0.0004039353128510853
154,10101010,mol2vec,3105760376,4,5.8315272364541133e-08
155,10101010,mol2vec,2664622273,24869,0.00036256062710844335
156,10101010,mol2vec,1040769162,30,4.373645427340585e-07
157,10101010,mol2vec,2222621677,53648,0.0007821244329532256
58,110110,mol2vec,2222621677,53648,0.0007821244329532256
158,10101010,mol2vec,3124581743,160660,0.0023422329145217943
135,11000011,mol2vec,3124581743,160660,0.0023422329145217943
83,110110,mol2vec,3124581743,160660,0.0023422329145217943
159,10101010,mol2vec,3136829774,55937,0.0008154953475638343
160,10101010,mol2vec,603510687,45677,0.0006659166739487863
214,11000011,mol2vec,603510687,45677,0.0006659166739487863
161,10101010,mol2vec,2697110228,63078,0.0009196026875526313
142,11000011,mol2vec,2697110228,63078,0.0009196026875526313
162,10101010,mol2vec,3222770065,14024,0.0002044533449100812
163,10101010,mol2vec,2459741777,9937,0.0001448697153716113
164,10101010,mol2vec,2297887526,38690,0.0005640544719460241
252,11000011,mol2vec,2297887526,38690,0.0005640544719460241
165,10101010,mol2vec,2753863138,18125,0.000264241077901827
247,11000011,mol2vec,2753863138,18125,0.000264241077901827
166,10101010,mol2vec,254000342,2700,3.936280884606526e-05
167,10101010,mol2vec,64070612,47673,0.0006950159948586923
170,11000011,mol2vec,64070612,47673,0.0006950159948586923
168,10101010,mol2vec,104383219,11116,0.0001620581419010598
290,11000011,mol2vec,104383219,11116,0.0001620581419010598
169,10101010,mol2vec,4035178815,1738,2.533798584239312e-05
170,10101010,mol2vec,1532868555,445,6.4875740505552005e-06
171,10101010,mol2vec,829754261,14401,0.00020994955933043922
61,11000011,mol2vec,829754261,14401,0.00020994955933043922
172,10101010,mol2vec,992462230,10170,0.00014826657998684583
211,11000011,mol2vec,992462230,10170,0.00014826657998684583
173,10101010,mol2vec,68650007,29330,0.00042759673461299785
174,10101010,mol2vec,4212936508,33342,0.0004860869527946326
10,11000011,mol2vec,4212936508,33342,0.0004860869527946326
175,10101010,mol2vec,616374597,67239,0.0009802651496298453
176,10101010,mol2vec,4196488051,26518,0.0003866010981407254
107,11000011,mol2vec,4196488051,26518,0.0003866010981407254
177,10101010,mol2vec,36538691,20882,0.000304434879379087
147,11000011,mol2vec,36538691,20882,0.000304434879379087
178,10101010,mol2vec,387677124,2063,3.0076101722012088e-05
390,11000011,mol2vec,387677124,2063,3.0076101722012088e-05
179,10101010,mol2vec,729796064,103876,0.0015143893080347686
180,10101010,mol2vec,3777243454,27208,0.0003966604826236088
32,11000011,mol2vec,3777243454,27208,0.0003966604826236088
181,10101010,mol2vec,3796841743,68581,0.000999829923508149
121,11000011,mol2vec,3796841743,68581,0.000999829923508149
182,10101010,mol2vec,2369690741,24731,0.0003605487502118667
183,10101010,mol2vec,1167322652,114201,0.0016649156048257404
184,10101010,mol2vec,1914416804,11780,0.00017173847711357364
272,11000011,mol2vec,1914416804,11780,0.00017173847711357364
185,10101010,mol2vec,1534595042,7230,0.0001054048547989081
417,11000011,mol2vec,1534595042,7230,0.0001054048547989081
186,10101010,mol2vec,3341916169,3697,5.389789048292714e-05
187,10101010,mol2vec,4158944142,25384,0.00037006871842537803
285,11000011,mol2vec,4158944142,25384,0.00037006871842537803
188,10101010,mol2vec,572760528,88836,0.001295123883944094
190,11000011,mol2vec,572760528,88836,0.001295123883944094
189,10101010,mol2vec,1919134267,9037,0.00013174877908958955
167,11000011,mol2vec,1919134267,9037,0.00013174877908958955
190,10101010,mol2vec,550081331,25089,0.00036576796708849313
223,11000011,mol2vec,550081331,25089,0.00036576796708849313
191,10101010,mol2vec,3811375594,25498,0.0003717307036877674
192,10101010,mol2vec,86544075,6253,9.116134952386892e-05
331,11000011,mol2vec,86544075,6253,9.116134952386892e-05
193,10101010,mol2vec,1510461303,83630,0.0012192265569616436
208,11000011,mol2vec,1510461303,83630,0.0012192265569616436
60,110110,mol2vec,1510461303,83630,0.0012192265569616436
194,10101010,mol2vec,4089138501,102872,0.0014997521746712688
266,11000011,mol2vec,4089138501,102872,0.0014997521746712688
36,110110,mol2vec,4089138501,102872,0.0014997521746712688
195,10101010,mol2vec,2752034647,30507,0.00044475600350626405
251,11000011,mol2vec,2752034647,30507,0.00044475600350626405
196,10101010,mol2vec,1121298566,879,1.2814781102107914e-05
197,10101010,mol2vec,3980805843,8238,0.00012010030343477246
128,11000011,mol2vec,3980805843,8238,0.00012010030343477246
198,10101010,mol2vec,3286720230,32326,0.00047127487361403917
233,11000011,mol2vec,3286720230,32326,0.00047127487361403917
199,10101010,mol2vec,4223817698,18748,0.0002733236815726043
469,11000011,mol2vec,4223817698,18748,0.0002733236815726043
200,10101010,mol2vec,74537039,13977,0.00020376814045979785
354,11000011,mol2vec,74537039,13977,0.00020376814045979785
201,10101010,mol2vec,1362518133,95677,0.0013948575785055505
202,10101010,mol2vec,3975295864,23965,0.00034938137555405704
198,11000011,mol2vec,3975295864,23965,0.00034938137555405704
203,10101010,mol2vec,3089236829,2227,3.246702788895827e-05
204,10101010,mol2vec,4033380444,88664,0.0012926163272324188
176,11000011,mol2vec,4033380444,88664,0.0012926163272324188
205,10101010,mol2vec,3044751281,20683,0.00030153369457895104
65,11000011,mol2vec,3044751281,20683,0.00030153369457895104
206,10101010,mol2vec,3824063894,29553,0.000430847811047321
253,11000011,mol2vec,3824063894,29553,0.000430847811047321
207,10101010,mol2vec,1965692378,4766,6.948264702235076e-05
254,11000011,mol2vec,1965692378,4766,6.948264702235076e-05
208,10101010,mol2vec,2506328221,2655,3.8706762031964174e-05
242,11000011,mol2vec,2506328221,2655,3.8706762031964174e-05
209,10101010,mol2vec,2556855854,10707,0.00015609540530178546
288,11000011,mol2vec,2556855854,10707,0.00015609540530178546
210,10101010,mol2vec,1173125914,67600,0.000985528102960745
88,11000011,mol2vec,1173125914,67600,0.000985528102960745
79,110110,mol2vec,1173125914,67600,0.000985528102960745
211,10101010,mol2vec,1583799011,19449,0.0002835434330544901
466,11000011,mol2vec,1583799011,19449,0.0002835434330544901
74,110110,mol2vec,1583799011,19449,0.0002835434330544901
212,10101010,mol2vec,3156812067,7872,0.00011476445601341694
505,11000011,mol2vec,3156812067,7872,0.00011476445601341694
213,10101010,mol2vec,3579962709,65868,0.0009602775900268988
261,11000011,mol2vec,3579962709,65868,0.0009602775900268988
214,10101010,mol2vec,2165820178,2152,3.137361653212313e-05
307,11000011,mol2vec,2165820178,2152,3.137361653212313e-05
215,10101010,mol2vec,548743766,24728,0.00036050501375759327
236,11000011,mol2vec,548743766,24728,0.00036050501375759327
216,10101010,mol2vec,3491109101,20611,0.0003004840196763893
281,11000011,mol2vec,3491109101,20611,0.0003004840196763893
217,10101010,mol2vec,690255344,4847,7.066353128773272e-05
218,10101010,mol2vec,2984045667,10323,0.00015049713915478953
115,11000011,mol2vec,2984045667,10323,0.00015049713915478953
219,10101010,mol2vec,4291484675,8155,0.00011889026153320823
130,11000011,mol2vec,4291484675,8155,0.00011889026153320823
220,10101010,mol2vec,2905660137,15701,0.00022890202284891507
221,10101010,mol2vec,26234434,41699,0.0006079221355822502
222,10101010,mol2vec,1506563592,29734,0.0004334865771218165
364,11000011,mol2vec,1506563592,29734,0.0004334865771218165
80,110110,mol2vec,1506563592,29734,0.0004334865771218165
223,10101010,mol2vec,2745462063,66,9.622019940149286e-07
224,10101010,mol2vec,169809287,1892,2.7583123828427953e-05
225,10101010,mol2vec,1602567453,2682,3.910039012042483e-05
271,11000011,mol2vec,1602567453,2682,3.910039012042483e-05
226,10101010,mol2vec,1399127774,9636,0.00014048149112617957
227,10101010,mol2vec,781912670,26893,0.00039206815492490117
344,11000011,mol2vec,781912670,26893,0.00039206815492490117
228,10101010,mol2vec,2782530898,14328,0.00020888530560978633
229,10101010,mol2vec,3631761933,6599,9.620562058340173e-05
230,10101010,mol2vec,4210054575,35484,0.0005173147811458444
217,11000011,mol2vec,4210054575,35484,0.0005173147811458444
231,10101010,mol2vec,3145023872,14894,0.0002171369166493689
232,10101010,mol2vec,3457964313,38573,0.0005623487502293612
63,11000011,mol2vec,3457964313,38573,0.0005623487502293612
233,10101010,mol2vec,136366266,23508,0.0003427188556864082
57,11000011,mol2vec,136366266,23508,0.0003427188556864082
234,10101010,mol2vec,2785067925,34786,0.000507138766118232
235,10101010,mol2vec,4200113039,3096,4.513602081015484e-05
236,10101010,mol2vec,2807475527,3357,4.894109233194114e-05
237,10101010,mol2vec,3129092788,1038,1.5132813178598424e-05
238,10101010,mol2vec,4222851645,46730,0.0006812681693987517
239,10101010,mol2vec,600629739,10854,0.00015823849156118235
132,11000011,mol2vec,600629739,10854,0.00015823849156118235
240,10101010,mol2vec,3288032115,24292,0.0003541486490698583
52,11000011,mol2vec,3288032115,24292,0.0003541486490698583
241,10101010,mol2vec,3628883864,6599,9.620562058340173e-05
242,10101010,mol2vec,3917675302,1672,2.4375783848378193e-05
243,10101010,mol2vec,431202968,22847,0.0003330822569281678
67,110110,mol2vec,431202968,22847,0.0003330822569281678
244,10101010,mol2vec,486030630,3292,4.799346915601735e-05
529,11000011,mol2vec,486030630,3292,4.799346915601735e-05
245,10101010,mol2vec,3628319739,792,1.1546423928179144e-05
246,10101010,mol2vec,3026394695,19382,0.00028256665224238406
247,10101010,mol2vec,1619222458,11541,0.00016825413958979229
70,110110,mol2vec,1619222458,11541,0.00016825413958979229
248,10101010,mol2vec,2251845666,30140,0.00043940557726681744
150,11000011,mol2vec,2251845666,30140,0.00043940557726681744
249,10101010,mol2vec,785465846,3124,4.5544227716706626e-05
365,11000011,mol2vec,785465846,3124,4.5544227716706626e-05
250,10101010,mol2vec,1390475220,4110,5.9918942354566015e-05
251,10101010,mol2vec,2251888095,4762,6.942433174998621e-05
252,10101010,mol2vec,3534901675,4087,5.95836295384699e-05
468,11000011,mol2vec,3534901675,4087,5.95836295384699e-05
253,10101010,mol2vec,2603276537,3617,5.273158503563632e-05
254,10101010,mol2vec,3596485316,24264,0.0003537404421633065
46,11000011,mol2vec,3596485316,24264,0.0003537404421633065
255,10101010,mol2vec,3537123720,185264,0.002700930154836087
328,11000011,mol2vec,3537123720,185264,0.002700930154836087
39,110110,mol2vec,3537123720,185264,0.002700930154836087
256,10101010,mol2vec,2245277810,128839,0.0018783203440437787
326,11000011,mol2vec,2245277810,128839,0.0018783203440437787
4,110110,mol2vec,2245277810,128839,0.0018783203440437787
257,10101010,mol2vec,3472262170,2193,3.1971348073859675e-05
258,10101010,mol2vec,1362202978,14055,0.0002049052882709064
259,10101010,mol2vec,3529214908,388,5.656581419360489e-06
260,10101010,mol2vec,4256676941,7978,0.00011630981073107728
213,11000011,mol2vec,4256676941,7978,0.00011630981073107728
261,10101010,mol2vec,4023654873,26110,0.00038065294035954223
54,110110,mol2vec,4023654873,26110,0.00038065294035954223
262,10101010,mol2vec,1535166686,56898,0.0008295055917494153
33,110110,mol2vec,1535166686,56898,0.0008295055917494153
263,10101010,mol2vec,4223108416,5124,7.470186389897719e-05
264,10101010,mol2vec,258745374,10,1.4578818091135282e-07
265,10101010,mol2vec,3933537673,23255,0.000339030414709351
9,110110,mol2vec,3933537673,23255,0.000339030414709351
266,10101010,mol2vec,2306985260,473,6.895780957106988e-06
267,10101010,mol2vec,2423543607,34520,0.00050326080050599
353,11000011,mol2vec,2423543607,34520,0.00050326080050599
73,110110,mol2vec,2423543607,34520,0.00050326080050599
268,10101010,mol2vec,1822332700,22522,0.0003283441410485488
269,10101010,mol2vec,275463426,5520,8.047507586306676e-05
270,10101010,mol2vec,584893129,8382,0.00012219965323989593
313,11000011,mol2vec,584893129,8382,0.00012219965323989593
271,10101010,mol2vec,2635303940,13080,0.0001906909406320495
216,11000011,mol2vec,2635303940,13080,0.0001906909406320495
272,10101010,mol2vec,2341585586,8766,0.0001277979193868919
215,11000011,mol2vec,2341585586,8766,0.0001277979193868919
273,10101010,mol2vec,2431311350,6283,9.159871406660298e-05
274,10101010,mol2vec,2530048747,38060,0.0005548698165486088
333,11000011,mol2vec,2530048747,38060,0.0005548698165486088
275,10101010,mol2vec,994237755,12233,0.0001783426817088579
327,11000011,mol2vec,994237755,12233,0.0001783426817088579
276,10101010,mol2vec,330223697,10161,0.00014813537062402561
277,10101010,mol2vec,773709216,47559,0.0006933540095963029
278,10101010,mol2vec,458195553,14397,0.00020989124405807467
120,11000011,mol2vec,458195553,14397,0.00020989124405807467
279,10101010,mol2vec,694069322,52418,0.0007641924867011293
106,11000011,mol2vec,694069322,52418,0.0007641924867011293
280,10101010,mol2vec,2835079913,49007,0.0007144641381922668
52,110110,mol2vec,2835079913,49007,0.0007144641381922668
281,10101010,mol2vec,458993620,53900,0.0007857982951121917
105,11000011,mol2vec,458993620,53900,0.0007857982951121917
282,10101010,mol2vec,2542264270,2657,3.873591966814645e-05
494,11000011,mol2vec,2542264270,2657,3.873591966814645e-05
283,10101010,mol2vec,828793177,20993,0.00030605312818720296
284,10101010,mol2vec,2687950697,18621,0.0002714721716750301
166,11000011,mol2vec,2687950697,18621,0.0002714721716750301
285,10101010,mol2vec,3308404410,18187,0.0002651449646234774
116,11000011,mol2vec,3308404410,18187,0.0002651449646234774
286,10101010,mol2vec,1803337813,4247,6.191624043305154e-05
321,11000011,mol2vec,1803337813,4247,6.191624043305154e-05
287,10101010,mol2vec,4282315164,20964,0.0003056303424625601
59,11000011,mol2vec,4282315164,20964,0.0003056303424625601
288,10101010,mol2vec,725322217,43802,0.0006385813900279077
14,11000011,mol2vec,725322217,43802,0.0006385813900279077
289,10101010,mol2vec,UNK,2505,3.651993931829388e-05
195,11000011,mol2vec,UNK,2505,3.651993931829388e-05
42,110110,mol2vec,UNK,2505,3.651993931829388e-05
290,10101010,mol2vec,4176672235,116,1.6911428985716928e-06
291,10101010,mol2vec,3304582332,6454,9.409169196018711e-05
292,10101010,mol2vec,3798139026,4542,6.621699176993646e-05
258,11000011,mol2vec,3798139026,4542,6.621699176993646e-05
293,10101010,mol2vec,1349051879,89,1.29751481011104e-06
294,10101010,mol2vec,4003054055,5247,7.649505852418683e-05
56,110110,mol2vec,4003054055,5247,7.649505852418683e-05
295,10101010,mol2vec,4022712435,2554,3.723430140475951e-05
296,10101010,mol2vec,4036774035,11243,0.00016390965179863398
297,10101010,mol2vec,2637439965,13689,0.00019956944084955087
298,10101010,mol2vec,4223976160,4073,5.9379526085194005e-05
299,10101010,mol2vec,4022716898,6014,8.767701200008759e-05
300,10101010,mol2vec,1506192421,2715,3.958149111743229e-05
301,10101010,mol2vec,340640331,462,6.735413958104501e-06
302,10101010,mol2vec,876651869,3714,5.414573039047644e-05
206,11000011,mol2vec,876651869,3714,5.414573039047644e-05
303,10101010,mol2vec,773712949,5936,8.653986418897904e-05
304,10101010,mol2vec,2807496773,9114,0.00013287134808260696
305,10101010,mol2vec,3696389118,1844,2.688334056005346e-05
306,10101010,mol2vec,2410099666,1688,2.4609044937836358e-05
307,10101010,mol2vec,839604161,602,8.77644849086344e-06
308,10101010,mol2vec,2327113268,3582,5.222132640244658e-05
309,10101010,mol2vec,900670219,604,8.80560612704571e-06
310,10101010,mol2vec,1796784588,6429,9.372722150790873e-05
311,10101010,mol2vec,2036328569,22019,0.0003210109955487078
312,10101010,mol2vec,3585958780,5950,8.674396764225493e-05
363,11000011,mol2vec,3585958780,5950,8.674396764225493e-05
313,10101010,mol2vec,270833924,265,3.86338679415085e-06
314,10101010,mol2vec,1239948680,874,1.2741887011652238e-05
262,11000011,mol2vec,1239948680,874,1.2741887011652238e-05
315,10101010,mol2vec,3999116598,1234,1.799026152446094e-05
316,10101010,mol2vec,253234136,309,4.504854790160802e-06
317,10101010,mol2vec,3662562115,29844,0.00043509024711184136
318,10101010,mol2vec,4157438804,741,1.0802904205531244e-05
319,10101010,mol2vec,1467778651,30985,0.0004517246785538267
260,11000011,mol2vec,1467778651,30985,0.0004517246785538267
320,10101010,mol2vec,1626281205,13152,0.00019174061553461124
321,10101010,mol2vec,1255626466,24826,0.0003619337379305245
394,11000011,mol2vec,1255626466,24826,0.0003619337379305245
322,10101010,mol2vec,1506993418,9819,0.00014314941483685735
323,10101010,mol2vec,2903607685,588,8.572345037587547e-06
324,10101010,mol2vec,826682052,7516,0.00010957439677297279
325,10101010,mol2vec,1704599822,5295,7.719484179256132e-05
326,10101010,mol2vec,144568923,6973,0.00010165809854948633
327,10101010,mol2vec,592655526,22677,0.0003306038578526748
328,10101010,mol2vec,845764036,10640,0.0001551186244896794
435,11000011,mol2vec,845764036,10640,0.0001551186244896794
329,10101010,mol2vec,3285317445,5262,7.671374079555386e-05
330,10101010,mol2vec,773607102,14892,0.00021710775901318663
255,11000011,mol2vec,773607102,14892,0.00021710775901318663
331,10101010,mol2vec,2284773903,23788,0.0003468009247519261
257,11000011,mol2vec,2284773903,23788,0.0003468009247519261
332,10101010,mol2vec,2849741637,13148,0.0001916823002622467
32,110110,mol2vec,2849741637,13148,0.0001916823002622467
333,10101010,mol2vec,3909974435,8856,0.00012911001301509406
17,110110,mol2vec,3909974435,8856,0.00012911001301509406
334,10101010,mol2vec,4066851934,5327,7.766136397147765e-05
335,10101010,mol2vec,3004333805,10984,0.00016013373791302994
264,11000011,mol2vec,3004333805,10984,0.00016013373791302994
336,10101010,mol2vec,4066943324,2895,4.2205678373836644e-05
263,11000011,mol2vec,4066943324,2895,4.2205678373836644e-05
337,10101010,mol2vec,1677974357,6463,9.422290132300733e-05
338,10101010,mol2vec,1505769767,3292,4.799346915601735e-05
347,11000011,mol2vec,1505769767,3292,4.799346915601735e-05
77,110110,mol2vec,1505769767,3292,4.799346915601735e-05
339,10101010,mol2vec,2198671991,2976,4.33865626392186e-05
340,10101010,mol2vec,52071157,237,3.455179887599062e-06
341,10101010,mol2vec,913310822,19566,0.00028524915477115293
53,11000011,mol2vec,913310822,19566,0.00028524915477115293
342,10101010,mol2vec,2747850234,5655,8.244321630537003e-05
367,11000011,mol2vec,2747850234,5655,8.244321630537003e-05
343,10101010,mol2vec,3565163784,5767,8.407604393157718e-05
344,10101010,mol2vec,3273018953,5628,8.204958821690937e-05
315,11000011,mol2vec,3273018953,5628,8.204958821690937e-05
345,10101010,mol2vec,658405899,154,2.2451379860348336e-06
346,10101010,mol2vec,980020035,4024,5.866516399872838e-05
347,10101010,mol2vec,2394338241,438,6.3855223239172535e-06
348,10101010,mol2vec,495977886,830,1.2100419015642285e-05
349,10101010,mol2vec,3534789554,250,3.6447045227838207e-06
350,10101010,mol2vec,3254486562,24117,0.00035159735590390963
351,10101010,mol2vec,1642797161,1478,2.1547493138697946e-05
352,10101010,mol2vec,692277943,15276,0.00022270602516018256
248,11000011,mol2vec,692277943,15276,0.00022270602516018256
353,10101010,mol2vec,3046580772,4909,7.15674180093831e-05
62,11000011,mol2vec,3046580772,4909,7.15674180093831e-05
354,10101010,mol2vec,1914229733,3927,5.725101864388826e-05
447,11000011,mol2vec,1914229733,3927,5.725101864388826e-05
355,10101010,mol2vec,3859993750,430,6.268891779188172e-06
356,10101010,mol2vec,1634017026,295,4.300751336884908e-06
357,10101010,mol2vec,1932106328,3700,5.394162693720054e-05
159,11000011,mol2vec,1932106328,3700,5.394162693720054e-05
358,10101010,mol2vec,3042542132,8375,0.00012209760151325798
111,11000011,mol2vec,3042542132,8375,0.00012209760151325798
359,10101010,mol2vec,3995047843,2668,3.889628666714894e-05
360,10101010,mol2vec,3151378920,18073,0.00026348297936108794
361,10101010,mol2vec,3534637918,3479,5.0719708139059645e-05
511,11000011,mol2vec,3534637918,3479,5.0719708139059645e-05
362,10101010,mol2vec,806369437,11490,0.0001675106198671444
368,11000011,mol2vec,806369437,11490,0.0001675106198671444
363,10101010,mol2vec,2971716993,23898,0.00034840459474195097
191,11000011,mol2vec,2971716993,23898,0.00034840459474195097
364,10101010,mol2vec,4229088015,5443,7.935250687004935e-05
365,10101010,mol2vec,3877107898,5746,8.376988875166333e-05
366,10101010,mol2vec,1515970817,4488,6.542973559301514e-05
172,11000011,mol2vec,1515970817,4488,6.542973559301514e-05
367,10101010,mol2vec,2175220748,4801,6.999290565554049e-05
171,11000011,mol2vec,2175220748,4801,6.999290565554049e-05
368,10101010,mol2vec,4065760512,8418,0.00012272449069117682
369,10101010,mol2vec,3808467027,11469,0.00016720446468723057
173,11000011,mol2vec,3808467027,11469,0.00016720446468723057
370,10101010,mol2vec,3319544194,3852,5.615760728705311e-05
371,10101010,mol2vec,2215059400,19088,0.0002782804797235903
72,110110,mol2vec,2215059400,19088,0.0002782804797235903
372,10101010,mol2vec,1506997381,93,1.3558300824755813e-06
373,10101010,mol2vec,2361265913,1870,2.726238983042298e-05
374,10101010,mol2vec,3124242557,3322,4.843083369875141e-05
375,10101010,mol2vec,1307265339,5046,7.356471608786864e-05
311,11000011,mol2vec,1307265339,5046,7.356471608786864e-05
376,10101010,mol2vec,1119453705,398,5.802369600271842e-06
377,10101010,mol2vec,165163115,8,1.1663054472908227e-07
378,10101010,mol2vec,847336149,4523,6.593999422620488e-05
379,10101010,mol2vec,202055245,38,5.539950874631408e-07
380,10101010,mol2vec,2447801009,6,8.747290854681169e-08
381,10101010,mol2vec,472281497,6288,9.167160815705866e-05
143,11000011,mol2vec,472281497,6288,9.167160815705866e-05
382,10101010,mol2vec,3056423338,210,3.061551799138409e-06
383,10101010,mol2vec,3269687291,230,3.353128160961115e-06
384,10101010,mol2vec,592651569,3695,5.386873284674487e-05
385,10101010,mol2vec,352832185,1415,2.0629027598956424e-05
100,11000011,mol2vec,352832185,1415,2.0629027598956424e-05
386,10101010,mol2vec,2828561639,7654,0.00011158627366954945
369,11000011,mol2vec,2828561639,7654,0.00011158627366954945
387,10101010,mol2vec,2473970882,3152,4.5952434623258413e-05
496,11000011,mol2vec,2473970882,3152,4.5952434623258413e-05
388,10101010,mol2vec,580285428,200,2.9157636182270566e-06
389,10101010,mol2vec,1271688533,2741,3.996054038780181e-05
126,11000011,mol2vec,1271688533,2741,3.996054038780181e-05
390,10101010,mol2vec,1517812882,306,4.461118335887396e-06
391,10101010,mol2vec,3554022385,74692,0.0010889210808630765
392,10101010,mol2vec,1163048604,7529,0.00010976392140815755
152,11000011,mol2vec,1163048604,7529,0.00010976392140815755
393,10101010,mol2vec,3842433558,1931,2.815169773398223e-05
394,10101010,mol2vec,896690022,262,3.819650339877444e-06
395,10101010,mol2vec,4160330003,10613,0.00015472499640121877
419,11000011,mol2vec,4160330003,10613,0.00015472499640121877
396,10101010,mol2vec,2810421479,10986,0.00016016289554921222
397,10101010,mol2vec,135980867,12264,0.0001787946250696831
75,110110,mol2vec,135980867,12264,0.0001787946250696831
398,10101010,mol2vec,442195005,4299,6.267433897379058e-05
399,10101010,mol2vec,621690156,5456,7.95420315052341e-05
250,11000011,mol2vec,621690156,5456,7.95420315052341e-05
400,10101010,mol2vec,2474301835,2092,3.049888744665501e-05
443,11000011,mol2vec,2474301835,2092,3.049888744665501e-05
401,10101010,mol2vec,3025629386,4083,5.952531426610536e-05
402,10101010,mol2vec,2424530656,4268,6.222239561296539e-05
403,10101010,mol2vec,1872210358,719,1.0482170207526268e-05
495,11000011,mol2vec,1872210358,719,1.0482170207526268e-05
404,10101010,mol2vec,2576005379,4706,6.860791793688264e-05
99,11000011,mol2vec,2576005379,4706,6.860791793688264e-05
405,10101010,mol2vec,1351825692,2526,3.6826094498207724e-05
406,10101010,mol2vec,600377156,8557,0.0001247509464058446
440,11000011,mol2vec,600377156,8557,0.0001247509464058446
407,10101010,mol2vec,4038637638,1962,2.8603641094807426e-05
408,10101010,mol2vec,2952211277,996,1.452050281877074e-05
409,10101010,mol2vec,571945592,2143,3.124240716930291e-05
526,11000011,mol2vec,571945592,2143,3.124240716930291e-05
410,10101010,mol2vec,299970834,573,8.353662766220517e-06
411,10101010,mol2vec,1796274886,6809,9.926717238254014e-05
352,11000011,mol2vec,1796274886,6809,9.926717238254014e-05
412,10101010,mol2vec,1331092294,3701,5.395620575529168e-05
516,11000011,mol2vec,1331092294,3701,5.395620575529168e-05
413,10101010,mol2vec,1461868315,442,6.443837596281795e-06
414,10101010,mol2vec,495196161,1310,1.909825169938722e-05
415,10101010,mol2vec,3462728083,2027,2.955126427073122e-05
416,10101010,mol2vec,3574150615,333,4.854746424348049e-06
417,10101010,mol2vec,257851290,1037,1.5118234360507289e-05
482,11000011,mol2vec,257851290,1037,1.5118234360507289e-05
418,10101010,mol2vec,4138040424,894,1.3033463373474943e-05
410,11000011,mol2vec,4138040424,894,1.3033463373474943e-05
419,10101010,mol2vec,2295519362,15953,0.00023257588500788116
11,11000011,mol2vec,2295519362,15953,0.00023257588500788116
420,10101010,mol2vec,2603173879,1773,2.5848244475582855e-05
421,10101010,mol2vec,2245541727,1410,2.0556133508500748e-05
422,10101010,mol2vec,622481563,1857,2.707286519523822e-05
235,11000011,mol2vec,622481563,1857,2.707286519523822e-05
423,10101010,mol2vec,4105069056,9369,0.00013658894669584646
424,10101010,mol2vec,2355446912,5270,7.683037134028294e-05
225,11000011,mol2vec,2355446912,5270,7.683037134028294e-05
425,10101010,mol2vec,452084301,98,1.4287241729312577e-06
426,10101010,mol2vec,501740513,161,2.3471897126727806e-06
427,10101010,mol2vec,612068687,6188,9.021372634794513e-05
280,11000011,mol2vec,612068687,6188,9.021372634794513e-05
428,10101010,mol2vec,1911841960,2645,3.856097385105282e-05
455,11000011,mol2vec,1911841960,2645,3.856097385105282e-05
429,10101010,mol2vec,1534175580,1128,1.64449068068006e-05
430,10101010,mol2vec,3285213767,1726,2.5163040025299497e-05
472,11000011,mol2vec,3285213767,1726,2.5163040025299497e-05
431,10101010,mol2vec,2403608906,1054,1.5366074268056587e-05
432,10101010,mol2vec,215642972,975,1.42143476388569e-05
370,11000011,mol2vec,215642972,975,1.42143476388569e-05
433,10101010,mol2vec,3846829958,1536,2.2393064587983793e-05
237,11000011,mol2vec,3846829958,1536,2.2393064587983793e-05
434,10101010,mol2vec,3917497376,2450,3.5718104323281444e-05
81,110110,mol2vec,3917497376,2450,3.5718104323281444e-05
435,10101010,mol2vec,3524473022,205,2.988657708682733e-06
436,10101010,mol2vec,2296764637,185,2.697081346860027e-06
437,10101010,mol2vec,3890026507,3401,4.95825603279511e-05
438,10101010,mol2vec,1187241316,5776,8.42072532943974e-05
439,10101010,mol2vec,3032734483,1627,2.3719737034277106e-05
527,11000011,mol2vec,3032734483,1627,2.3719737034277106e-05
440,10101010,mol2vec,2827778408,3609,5.261495449090723e-05
477,11000011,mol2vec,2827778408,3609,5.261495449090723e-05
441,10101010,mol2vec,3545353036,849,1.2377416559373855e-05
442,10101010,mol2vec,736731344,825,1.2027524925186607e-05
443,10101010,mol2vec,3210779416,852,1.2421153013647261e-05
444,10101010,mol2vec,715384634,1109,1.616790926306903e-05
445,10101010,mol2vec,340695070,3439,5.013655541541424e-05
446,10101010,mol2vec,1172911774,753,1.0977850022624869e-05
447,10101010,mol2vec,217554345,483,7.041569138018342e-06
448,10101010,mol2vec,894436332,5167,7.5328753076896e-05
345,11000011,mol2vec,894436332,5167,7.5328753076896e-05
449,10101010,mol2vec,2814583100,7091,0.00010337839908424029
71,110110,mol2vec,2814583100,7091,0.00010337839908424029
450,10101010,mol2vec,3497668186,3763,5.4860092476942065e-05
341,11000011,mol2vec,3497668186,3763,5.4860092476942065e-05
451,10101010,mol2vec,2577837950,4909,7.15674180093831e-05
297,11000011,mol2vec,2577837950,4909,7.15674180093831e-05
452,10101010,mol2vec,849275503,236,3.440601069507927e-06
453,10101010,mol2vec,1169352347,235,3.4260222514167913e-06
454,10101010,mol2vec,489054630,151,2.2014015317614275e-06
455,10101010,mol2vec,1736287034,638,9.301285942144311e-06
456,10101010,mol2vec,2699298541,2416,3.522242450818284e-05
457,10101010,mol2vec,4073938295,718,1.0467591389435132e-05
458,10101010,mol2vec,1446633534,4800,6.997832683744936e-05
337,11000011,mol2vec,1446633534,4800,6.997832683744936e-05
459,10101010,mol2vec,1614748561,3889,5.669702355642512e-05
460,10101010,mol2vec,530250207,312,4.5485912444342085e-06
461,10101010,mol2vec,176403689,550,8.018349950124406e-06
462,10101010,mol2vec,1582607016,3549,5.1740225405439115e-05
463,10101010,mol2vec,4044870164,207,3.0178153448650035e-06
464,10101010,mol2vec,2924008740,362,5.277532148990973e-06
465,10101010,mol2vec,294811799,112,1.6328276262071516e-06
466,10101010,mol2vec,1585816122,1472,2.1460020230151136e-05
343,11000011,mol2vec,1585816122,1472,2.1460020230151136e-05
467,10101010,mol2vec,1030083100,811,1.1823421471910714e-05
468,10101010,mol2vec,3011598321,2485,3.622836295647118e-05
469,10101010,mol2vec,3012865236,4221,6.153719116268203e-05
371,11000011,mol2vec,3012865236,4221,6.153719116268203e-05
470,10101010,mol2vec,4274980665,433,6.312628233461578e-06
471,10101010,mol2vec,2599973650,3888,5.668244473833398e-05
339,11000011,mol2vec,2599973650,3888,5.668244473833398e-05
472,10101010,mol2vec,1614667981,320,4.66522178916329e-06
473,10101010,mol2vec,2537154916,276,4.023753793153338e-06
474,10101010,mol2vec,3847608821,8534,0.0001244156335897485
265,11000011,mol2vec,3847608821,8534,0.0001244156335897485
475,10101010,mol2vec,2606734789,1582,2.3063690220176016e-05
476,10101010,mol2vec,219592282,64,9.330443578326581e-07
477,10101010,mol2vec,1186450153,690,1.0059384482883344e-05
478,10101010,mol2vec,1872073897,1260,1.8369310794830457e-05
479,10101010,mol2vec,574181309,1759,2.564414102230696e-05
480,10101010,mol2vec,2349616923,6397,9.32606993289924e-05
450,11000011,mol2vec,2349616923,6397,9.32606993289924e-05
481,10101010,mol2vec,87849052,1244,1.8136049705372292e-05
6,11000011,mol2vec,87849052,1244,1.8136049705372292e-05
482,10101010,mol2vec,1683958275,4906,7.15236815551097e-05
483,10101010,mol2vec,1583009052,4816,7.021158792690753e-05
448,11000011,mol2vec,1583009052,4816,7.021158792690753e-05
484,10101010,mol2vec,762870563,670,9.767808121060639e-06
485,10101010,mol2vec,2607238719,266,3.877965612241985e-06
486,10101010,mol2vec,4206179036,2189,3.191303280149513e-05
308,11000011,mol2vec,4206179036,2189,3.191303280149513e-05
487,10101010,mol2vec,460014894,115,1.6765640804805575e-06
488,10101010,mol2vec,3801147597,295,4.300751336884908e-06
489,10101010,mol2vec,4278515623,8305,0.00012107708424687852
490,10101010,mol2vec,4226364443,1022,1.4899552089140259e-05
491,10101010,mol2vec,2610667886,559,8.149559312944624e-06
492,10101010,mol2vec,82819147,501,7.303987863658777e-06
493,10101010,mol2vec,1369588494,4306,6.277639070042852e-05
454,11000011,mol2vec,1369588494,4306,6.277639070042852e-05
494,10101010,mol2vec,2855720289,1588,2.315116312872283e-05
349,11000011,mol2vec,2855720289,1588,2.315116312872283e-05
495,10101010,mol2vec,215675288,3548,5.1725646587347984e-05
480,11000011,mol2vec,215675288,3548,5.1725646587347984e-05
496,10101010,mol2vec,729181080,5595,8.15684872199019e-05
270,11000011,mol2vec,729181080,5595,8.15684872199019e-05
497,10101010,mol2vec,1533809047,873,1.2727308193561102e-05
498,10101010,mol2vec,2360467803,778,1.134232047490325e-05
334,11000011,mol2vec,2360467803,778,1.134232047490325e-05
499,10101010,mol2vec,1370310341,1492,2.175159659197384e-05
500,10101010,mol2vec,2214358924,919,1.3397933825753324e-05
501,10101010,mol2vec,3103858517,1409,2.0541554690409614e-05
502,10101010,mol2vec,2459558207,5559,8.104364976862103e-05
393,11000011,mol2vec,2459558207,5559,8.104364976862103e-05
503,10101010,mol2vec,922135558,755,1.1007007658807138e-05
420,11000011,mol2vec,922135558,755,1.1007007658807138e-05
504,10101010,mol2vec,905632147,714,1.0409276117070592e-05
505,10101010,mol2vec,3540401924,1735,2.5294249388119715e-05
506,10101010,mol2vec,4018142848,977,1.4243505275039171e-05
507,10101010,mol2vec,2310395539,2003,2.920137263654397e-05
508,10101010,mol2vec,493201859,718,1.0467591389435132e-05
509,10101010,mol2vec,511022470,617,8.99513076223047e-06
441,11000011,mol2vec,511022470,617,8.99513076223047e-06
510,10101010,mol2vec,3103812183,2959,4.3138722731669304e-05
500,11000011,mol2vec,3103812183,2959,4.3138722731669304e-05
511,10101010,mol2vec,1277452329,1543,2.249511631462174e-05
512,10101010,mol2vec,781917169,11570,0.00016867692531443522
513,10101010,mol2vec,687728186,2955,4.308040745930476e-05
514,10101010,mol2vec,2654043257,1521,2.2174382316616765e-05
515,10101010,mol2vec,1864772688,819,1.1940052016639796e-05
483,11000011,mol2vec,1864772688,819,1.1940052016639796e-05
516,10101010,mol2vec,3475937304,372,5.423320329902325e-06
474,11000011,mol2vec,3475937304,372,5.423320329902325e-06
517,10101010,mol2vec,3018557707,10,1.4578818091135282e-07
518,10101010,mol2vec,3640810760,124,1.807773443300775e-06
519,10101010,mol2vec,1542631284,5954,8.680228291461947e-05
7,110110,mol2vec,1542631284,5954,8.680228291461947e-05
520,10101010,mol2vec,3562082033,853,1.2435731831738395e-05
521,10101010,mol2vec,853848766,111,1.6182488081160165e-06
522,10101010,mol2vec,2438709758,1253,1.826725906819251e-05
523,10101010,mol2vec,3010410747,3269,4.765815633992124e-05
510,11000011,mol2vec,3010410747,3269,4.765815633992124e-05
524,10101010,mol2vec,3857801220,198,2.886605982044786e-06
525,10101010,mol2vec,530246988,1589,2.3165741946813963e-05
526,10101010,mol2vec,2562008222,634,9.242970669779769e-06
527,10101010,mol2vec,103604070,2094,3.052804508283728e-05
165,11000011,mol2vec,103604070,2094,3.052804508283728e-05
528,10101010,mol2vec,2854428918,1189,1.733421471035985e-05
504,11000011,mol2vec,2854428918,1189,1.733421471035985e-05
529,10101010,mol2vec,3120226937,347,5.058849877623943e-06
530,10101010,mol2vec,602889953,1344,1.959393151448582e-05
531,10101010,mol2vec,3550810051,1296,1.8894148246111326e-05
532,10101010,mol2vec,2196511550,387,5.642002601269355e-06
533,10101010,mol2vec,4067252449,218,3.1781823438674917e-06
534,10101010,mol2vec,2402602004,29,4.227857246429232e-07
535,10101010,mol2vec,2147572453,439,6.400101142008389e-06
536,10101010,mol2vec,1167268241,1660,2.420083803128457e-05
537,10101010,mol2vec,3656132979,412,6.006473053547737e-06
538,10101010,mol2vec,3121777292,171,2.4929778935841333e-06
539,10101010,mol2vec,3613186530,259,3.7759138856040383e-06
540,10101010,mol2vec,3296335394,466,6.793729230469041e-06
501,11000011,mol2vec,3296335394,466,6.793729230469041e-06
541,10101010,mol2vec,62093196,217,3.163603525776356e-06
542,10101010,mol2vec,600405749,3602,5.2512902764269286e-05
543,10101010,mol2vec,2574917850,37884,0.000552303944564569
544,10101010,mol2vec,3212095877,1091,1.5905490537428593e-05
545,10101010,mol2vec,1742403229,74,1.078832538744011e-06
546,10101010,mol2vec,3065279093,1257,1.832557434055705e-05
547,10101010,mol2vec,3984347356,3336,4.86349371520273e-05
325,11000011,mol2vec,3984347356,3336,4.86349371520273e-05
548,10101010,mol2vec,3496434313,2523,3.678235804393432e-05
415,11000011,mol2vec,3496434313,2523,3.678235804393432e-05
549,10101010,mol2vec,3110205660,934,1.3616616097120354e-05
550,10101010,mol2vec,916396119,1054,1.5366074268056587e-05
551,10101010,mol2vec,3304838262,1098,1.600754226406654e-05
552,10101010,mol2vec,459747996,628,9.155497761232957e-06
553,10101010,mol2vec,537312464,888,1.2945990464928132e-05
554,10101010,mol2vec,1370731475,584,8.514029765223005e-06
517,11000011,mol2vec,1370731475,584,8.514029765223005e-06
555,10101010,mol2vec,2817491392,230,3.353128160961115e-06
76,110110,mol2vec,2817491392,230,3.353128160961115e-06
556,10101010,mol2vec,1316753536,563,8.207874585309164e-06
557,10101010,mol2vec,1448829206,1574,2.2947059675446936e-05
558,10101010,mol2vec,854632749,643,9.374180032599987e-06
559,10101010,mol2vec,1350205442,74,1.078832538744011e-06
560,10101010,mol2vec,1463184022,105,1.5307758995692046e-06
561,10101010,mol2vec,3908918996,198,2.886605982044786e-06
562,10101010,mol2vec,2592785365,415,6.0502095078211425e-06
563,10101010,mol2vec,1389140885,324,4.723537061527831e-06
564,10101010,mol2vec,2184261626,248,3.61554688660155e-06
565,10101010,mol2vec,3334877045,2647,3.8590131487235096e-05
566,10101010,mol2vec,3992738647,1299,1.8937884700384734e-05
567,10101010,mol2vec,1614704303,262,3.819650339877444e-06
568,10101010,mol2vec,2083211117,9,1.3120936282021754e-07
569,10101010,mol2vec,3079523039,24,3.4989163418724676e-07
570,10101010,mol2vec,3460130149,329,4.796431151983508e-06
571,10101010,mol2vec,1362425715,470,6.8520445028335826e-06
572,10101010,mol2vec,3831231523,398,5.802369600271842e-06
573,10101010,mol2vec,575804522,217,3.163603525776356e-06
574,10101010,mol2vec,645463207,208,3.0323941629561386e-06
575,10101010,mol2vec,1582611257,712,1.038011848088832e-05
576,10101010,mol2vec,73745272,871,1.2698150557378831e-05
577,10101010,mol2vec,1495702616,854,1.245031064982953e-05
578,10101010,mol2vec,2648631664,81,1.1808842653819578e-06
579,10101010,mol2vec,446751770,1170,1.705721716662828e-05
580,10101010,mol2vec,2810318309,1334,1.944814333357447e-05
581,10101010,mol2vec,3416363438,30,4.373645427340585e-07
582,10101010,mol2vec,605057056,30,4.373645427340585e-07
583,10101010,mol2vec,412865162,190,2.769975437315704e-06
584,10101010,mol2vec,1498572575,1200,1.749458170936234e-05
273,11000011,mol2vec,1498572575,1200,1.749458170936234e-05
585,10101010,mol2vec,80979910,49,7.143620864656288e-07
586,10101010,mol2vec,451685983,56,8.164138131035758e-07
587,10101010,mol2vec,1797109758,407,5.93357896309206e-06
588,10101010,mol2vec,1898153655,250,3.6447045227838207e-06
493,11000011,mol2vec,1898153655,250,3.6447045227838207e-06
589,10101010,mol2vec,4002801397,46,6.70625632192223e-07
590,10101010,mol2vec,1514213548,81,1.1808842653819578e-06
591,10101010,mol2vec,2350953170,150,2.1868227136702924e-06
592,10101010,mol2vec,3360470737,213,3.1052882534118153e-06
593,10101010,mol2vec,3098934668,488,7.114463228474018e-06
594,10101010,mol2vec,3033027238,716,1.0438433753252863e-05
595,10101010,mol2vec,3232361348,2033,2.963873717927803e-05
596,10101010,mol2vec,1979131117,572,8.339083948129382e-06
597,10101010,mol2vec,3005981942,139,2.0264557146678042e-06
499,11000011,mol2vec,3005981942,139,2.0264557146678042e-06
598,10101010,mol2vec,4067145187,774,1.128400520253871e-05
599,10101010,mol2vec,1187730664,12408,0.0001808939748748066
85,11000011,mol2vec,1187730664,12408,0.0001808939748748066
600,10101010,mol2vec,3008859944,73,1.0642537206528756e-06
601,10101010,mol2vec,136615304,109,1.5890911719337458e-06
602,10101010,mol2vec,1735424888,288,4.198699610246961e-06
603,10101010,mol2vec,3090652201,10819,0.0001577282329279926
604,10101010,mol2vec,1581998710,204,2.9740788905915978e-06
605,10101010,mol2vec,1382479327,643,9.374180032599987e-06
606,10101010,mol2vec,2280464758,1113,1.622622453543357e-05
607,10101010,mol2vec,2053761549,88,1.2829359920199048e-06
608,10101010,mol2vec,3801425767,579,8.441135674767329e-06
459,11000011,mol2vec,3801425767,579,8.441135674767329e-06
609,10101010,mol2vec,434045476,4229,6.165382170741111e-05
87,110110,mol2vec,434045476,4229,6.165382170741111e-05
610,10101010,mol2vec,2064774207,217,3.163603525776356e-06
611,10101010,mol2vec,1612788349,5,7.289409045567641e-08
612,10101010,mol2vec,231714826,4,5.8315272364541133e-08
613,10101010,mol2vec,1462241120,1208,1.761121225409142e-05
294,11000011,mol2vec,1462241120,1208,1.761121225409142e-05
614,10101010,mol2vec,20831399,56,8.164138131035758e-07
615,10101010,mol2vec,3995506898,24,3.4989163418724676e-07
616,10101010,mol2vec,2643421010,18,2.6241872564043507e-07
617,10101010,mol2vec,3872837863,550,8.018349950124406e-06
618,10101010,mol2vec,896566896,33,4.811009970074643e-07
619,10101010,mol2vec,3094365125,172,2.5075567116752688e-06
0,10101010,parallel,C=C,100359,0.0009852242185919003
1,10101010,parallel,CC,23568756,0.2313744578292247
0,11000011,parallel,CC,23568756,0.2313744578292247
2,110110,parallel,CC,23568756,0.2313744578292247
2,10101010,parallel,C1=CCNCC1,91016,0.0008935039954499387
43,11000011,parallel,C1=CCNCC1,91016,0.0008935039954499387
3,10101010,parallel,CO,6087194,0.05975797837829496
0,110110,parallel,CO,6087194,0.05975797837829496
4,10101010,parallel,C,16215117,0.15918378995108798
48,11000011,parallel,C,16215117,0.15918378995108798
3,110110,parallel,C,16215117,0.15918378995108798
5,10101010,parallel,C=O,6971706,0.06844123193836589
6,10101010,parallel,CN,19360804,0.19006499658437148
2,11000011,parallel,CN,19360804,0.19006499658437148
7,10101010,parallel,C1=CC=CC=C1,6809589,0.06684972948571627
10,11000011,parallel,C1=CC=CC=C1,6809589,0.06684972948571627
1,110110,parallel,C1=CC=CC=C1,6809589,0.06684972948571627
8,10101010,parallel,C1=CC=NC=C1,909074,0.00892437869341278
26,11000011,parallel,C1=CC=NC=C1,909074,0.00892437869341278
9,10101010,parallel,N,1978094,0.019418947134301125
22,11000011,parallel,N,1978094,0.019418947134301125
10,10101010,parallel,C1=CN=CC=N1,49701,0.0004879146751983981
53,11000011,parallel,C1=CN=CC=N1,49701,0.0004879146751983981
11,10101010,parallel,C1=C[NH]C=N1,222492,0.002184203776870526
34,11000011,parallel,C1=C[NH]C=N1,222492,0.002184203776870526
12,10101010,parallel,C1=CNCNC1,203745,0.002000164493637907
30,11000011,parallel,C1=CNCNC1,203745,0.002000164493637907
13,10101010,parallel,C1=COCC1,48142,0.0004726099735096131
14,10101010,parallel,C1=N[NH]N=N1,11679,0.00011465273317724174
71,11000011,parallel,C1=N[NH]N=N1,11679,0.00011465273317724174
15,10101010,parallel,C1=CCOCC1,41772,0.0004100756888671754
16,10101010,parallel,C1=CCCC=C1,98264,0.0009646576053539243
61,11000011,parallel,C1=CCCC=C1,98264,0.0009646576053539243
7,110110,parallel,C1=CCCC=C1,98264,0.0009646576053539243
17,10101010,parallel,C1=COCCC1,20718,0.00020338858857488605
18,10101010,parallel,C1=COC=C1,321884,0.0031599349572757323
19,10101010,parallel,C1COCN1,40530,0.00039788297591177393
20,10101010,parallel,C1=C[NH]N=C1,1024497,0.010057486187334928
1,11000011,parallel,C1=C[NH]N=C1,1024497,0.010057486187334928
21,10101010,parallel,C1=NCCN1,150261,0.001475112110621245
9,11000011,parallel,C1=NCCN1,150261,0.001475112110621245
22,10101010,parallel,C1=CON=C1,244770,0.0024029068841333557
23,10101010,parallel,C1=NCCCN1,60306,0.00059202395127894
82,11000011,parallel,C1=NCCCN1,60306,0.00059202395127894
24,10101010,parallel,C1CCCNCC1,45515,0.00044682071671908193
6,11000011,parallel,C1CCCNCC1,45515,0.00044682071671908193
25,10101010,parallel,C1=C[NH]C=C1,262936,0.002581242490854631
31,11000011,parallel,C1=C[NH]C=C1,262936,0.002581242490854631
26,10101010,parallel,C1=NNCCC1,42620,0.0004184005041539552
27,10101010,parallel,C1=CNCC1,115763,0.0011364452736361875
58,11000011,parallel,C1=CNCC1,115763,0.0011364452736361875
28,10101010,parallel,NN,27259,0.0002676015800735022
39,11000011,parallel,NN,27259,0.0002676015800735022
29,10101010,parallel,C1=NON=C1,7597,7.457974261045514e-05
30,10101010,parallel,C1=NCCCO1,686,6.734461423031752e-06
31,10101010,parallel,C1=CN=CNC1,188614,0.00185162347936401
14,11000011,parallel,C1=CN=CNC1,188614,0.00185162347936401
32,10101010,parallel,C1=NC=NN=C1,2950,2.896014751886832e-05
74,11000011,parallel,C1=NC=NN=C1,2950,2.896014751886832e-05
33,10101010,parallel,C1CCNC1,582555,0.005718941945035368
16,11000011,parallel,C1CCNC1,582555,0.005718941945035368
34,10101010,parallel,C1=N[NH]C=N1,163730,0.0016073372722929865
18,11000011,parallel,C1=N[NH]C=N1,163730,0.0016073372722929865
35,10101010,parallel,C1=CCNN=C1,112260,0.0011020563255824264
63,11000011,parallel,C1=CCNN=C1,112260,0.0011020563255824264
36,10101010,parallel,C1=CCNC=C1,289694,0.002843925754349505
55,11000011,parallel,C1=CCNC=C1,289694,0.002843925754349505
37,10101010,parallel,C1=C[NH]N=N1,76643,0.0007524042665385169
73,11000011,parallel,C1=C[NH]N=N1,76643,0.0007524042665385169
38,10101010,parallel,C1CNN=N1,10515,0.00010322574615623743
24,11000011,parallel,C1CNN=N1,10515,0.00010322574615623743
39,10101010,parallel,C1=CNC=NC1,5390,5.291362546667805e-05
40,10101010,parallel,C1=CN=CN=C1,304622,0.0029904739177941376
3,11000011,parallel,C1=CN=CN=C1,304622,0.0029904739177941376
41,10101010,parallel,C1=N[NH]N=C1,9954,9.771840962807297e-05
84,11000011,parallel,C1=N[NH]N=C1,9954,9.771840962807297e-05
42,10101010,parallel,C1=NOC=N1,136116,0.0013362506575180612
43,10101010,parallel,C1=CNCN=C1,94266,0.0009254092427164886
28,11000011,parallel,C1=CNCN=C1,94266,0.0009254092427164886
44,10101010,parallel,C1=CCOC=C1,10688,0.00010492408701073377
45,10101010,parallel,C1=CCCN=C1,33245,0.0003263661370389076
40,11000011,parallel,C1=CCCN=C1,33245,0.0003263661370389076
46,10101010,parallel,C1=NC=NC=N1,12870,0.0001263447791755374
46,11000011,parallel,C1=NC=NC=N1,12870,0.0001263447791755374
47,10101010,parallel,C1=NN=N[NH]1,66012,0.0006480397484798426
15,11000011,parallel,C1=NN=N[NH]1,66012,0.0006480397484798426
48,10101010,parallel,C1=NCCN=C1,10668,0.000104727747027555
21,11000011,parallel,C1=NCCN=C1,10668,0.000104727747027555
49,10101010,parallel,C1CNCNC1,62369,0.0006122764205438299
17,11000011,parallel,C1CNCNC1,62369,0.0006122764205438299
50,10101010,parallel,C1=CNCCC1,62604,0.0006145834153461804
49,11000011,parallel,C1=CNCCC1,62604,0.0006145834153461804
51,10101010,parallel,C1=NCCNC1,16521,0.00016218664310482155
52,10101010,parallel,C1=CN=COC1,449,4.407832622363348e-06
53,10101010,parallel,C1=NNCN1,45563,0.00044729193267871095
93,11000011,parallel,C1=NNCN1,45563,0.00044729193267871095
54,10101010,parallel,C1=NNCC1,54963,0.000539571724772732
45,11000011,parallel,C1=NNCC1,54963,0.000539571724772732
55,10101010,parallel,C1=NNCCN1,6290,6.174892470972262e-05
56,10101010,parallel,C1=CNNC1,12275,0.00012050366467596903
57,10101010,parallel,C1=NC=NCN1,1036,1.0170411128660197e-05
58,10101010,parallel,C1=CNCN=N1,3442,3.379011110506602e-05
89,11000011,parallel,C1=CNCN=N1,3442,3.379011110506602e-05
59,10101010,parallel,C1CNCN1,58233,0.0005716733120224607
67,11000011,parallel,C1CNCN1,58233,0.0005716733120224607
60,10101010,parallel,C1=NC=NCC1,14496,0.00014230721980797124
64,11000011,parallel,C1=NC=NCC1,14496,0.00014230721980797124
61,10101010,parallel,C1=CCC=CC1,342,3.3574137123569376e-06
62,10101010,parallel,C1=CNCN1,13092,0.00012852415298882173
63,10101010,parallel,C1=NN=CO1,56334,0.0005530308306196366
64,10101010,parallel,C1=NCCO1,14993,0.00014718626838996365
65,10101010,parallel,C1=CNCCN1,5266,5.1696317570969685e-05
66,10101010,parallel,C1=COC=CC1,11219,0.00011013691356413007
67,10101010,parallel,C1=CNC=CC1,23638,0.00023205422611898623
68,10101010,parallel,C1=COC=N1,55048,0.0005404061697012418
69,10101010,parallel,C=N,18627,0.00018286124333354584
70,10101010,parallel,C1=NN=CNC1,6987,6.85913731235027e-05
71,10101010,parallel,C1=NN=C[NH]1,189982,0.0018650531342134379
7,11000011,parallel,C1=NN=C[NH]1,189982,0.0018650531342134379
72,10101010,parallel,C1=COCN1,1784,1.751352649954613e-05
73,10101010,parallel,C1CNCCN1,373412,0.003665785289937511
19,11000011,parallel,C1CNCCN1,373412,0.003665785289937511
74,10101010,parallel,C1=CNCC=N1,10334,0.00010144886930846956
52,11000011,parallel,C1=CNCC=N1,10334,0.00010144886930846956
75,10101010,parallel,C1CCNNC1,1874,1.8397056423850588e-05
76,10101010,parallel,C1NN=NN1,2519,2.4729020881365864e-05
77,10101010,parallel,C1=CN=CCC1,16330,0.0001603115962654643
88,11000011,parallel,C1=CN=CCC1,16330,0.0001603115962654643
78,10101010,parallel,C1CN=NNC1,8273,8.12160340418975e-05
79,10101010,parallel,C1=NNCNC1,4172,4.095652049109106e-05
80,10101010,parallel,C1=NNCO1,6255,6.140532973915978e-05
81,10101010,parallel,C1=CN=NC=C1,20244,0.00019873533097354925
59,11000011,parallel,C1=CN=NC=C1,20244,0.00019873533097354925
82,10101010,parallel,C1=NOCC1,10851,0.00010652425787364073
83,10101010,parallel,NO,1377,1.3518007841858197e-05
84,10101010,parallel,C1=CNN=CC1,7065,6.93570990578999e-05
85,10101010,parallel,C1=CC=NN=C1,8813,8.651721358772425e-05
99,11000011,parallel,C1=CC=NN=C1,8813,8.651721358772425e-05
86,10101010,parallel,C1CCOC1,140287,0.0013771973610099933
87,10101010,parallel,C1=NN=CCC1,1832,1.7984742459175174e-05
88,10101010,parallel,C1=NCNCC1,4792,4.704305996963288e-05
89,10101010,parallel,C1=NOCN1,3553,3.487979801170818e-05
90,10101010,parallel,C1=CN=NCC1,725,7.11732439023035e-06
91,10101010,parallel,C1=NCNN=C1,1397,1.3714347825036964e-05
92,10101010,parallel,C1CNNC1,2372,2.328592200500192e-05
93,10101010,parallel,C1CNCOC1,4992,4.900645980142056e-05
94,10101010,parallel,C1=CNNCC1,570,5.595689520594896e-06
95,10101010,parallel,C1=CC=CCC=C1,247,2.4247987922577885e-06
96,10101010,parallel,C1=CCNC1,8779,8.618343561632033e-05
68,11000011,parallel,C1=CCNC1,8779,8.618343561632033e-05
97,10101010,parallel,C1CCNCC1,723041,0.00709809288887799
23,11000011,parallel,C1CCNCC1,723041,0.00709809288887799
98,10101010,parallel,C1=CONC1,386,3.789361675350228e-06
15,11000011,mol2vec,2237323775,12455,0.00018157917932508995
16,11000011,mol2vec,3351556771,284899,0.004153490695346351
17,11000011,mol2vec,1791271074,105789,0.0015422785870431103
18,11000011,mol2vec,1976356906,13116,0.00019121577808333036
19,11000011,mol2vec,1842114921,27442,0.0004000719260569344
21,11000011,mol2vec,2968968094,2711673,0.03953298738964309
22,11000011,mol2vec,1276993226,151233,0.0022047983963766624
23,11000011,mol2vec,2142032900,479760,0.006994333767403063
27,11000011,mol2vec,2269473515,35857,0.0005227526802938378
28,11000011,mol2vec,1026928756,103795,0.0015132084237693866
29,11000011,mol2vec,1271691605,72573,0.0010580285653279608
31,11000011,mol2vec,864365306,15064,0.0002196153157248619
34,11000011,mol2vec,2010446245,10560,0.0001539523190423886
35,11000011,mol2vec,662595032,11801,0.00017204463229348747
36,11000011,mol2vec,2803848648,755034,0.011007503338622236
44,11000011,mol2vec,54936104,78194,0.0011399761018182322
45,11000011,mol2vec,1792562719,141447,0.002062130082536812
48,11000011,mol2vec,3028039221,7006,0.0001021391995464938
49,11000011,mol2vec,2976033787,616824,0.00899256489024643
50,11000011,mol2vec,623728226,53896,0.0007857399798398271
51,11000011,mol2vec,2117068077,617642,0.009004490363444978
60,11000011,mol2vec,963029399,63951,0.0009323299957461925
66,11000011,mol2vec,2592252298,13212,0.00019261534462007937
67,11000011,mol2vec,808416955,13211,0.00019260076580198822
68,11000011,mol2vec,1078276907,16656,0.00024282479412594926
69,11000011,mol2vec,970433791,25127,0.0003663219621759562
70,11000011,mol2vec,2617658656,17727,0.00025843870830155515
71,11000011,mol2vec,517457164,34276,0.0004997035688917529
72,11000011,mol2vec,4093258568,856,1.2479468286011802e-05
74,11000011,mol2vec,3510196525,9677,0.00014107922266791612
75,11000011,mol2vec,3593971783,1493,2.1766175410064977e-05
76,11000011,mol2vec,741451336,6051,8.821642826945959e-05
77,11000011,mol2vec,837609649,1697,2.4740254300656576e-05
78,11000011,mol2vec,203749390,88634,0.0012921789626896846
80,11000011,mol2vec,1824088295,39699,0.0005787644993999795
81,11000011,mol2vec,1228815484,19421,0.0002831352261479383
82,11000011,mol2vec,1858577693,66068,0.0009631933536451259
83,11000011,mol2vec,4095742117,2540,3.703019795148362e-05
84,11000011,mol2vec,2718013753,13299,0.00019388370179400813
90,11000011,mol2vec,4280659919,2280,3.323970524778844e-05
91,11000011,mol2vec,2181918679,261,3.805071521786309e-06
92,11000011,mol2vec,3999097472,11,1.603669990024881e-07
93,11000011,mol2vec,356132508,670,9.767808121060639e-06
94,11000011,mol2vec,3222479286,380,5.539950874631408e-06
95,11000011,mol2vec,1791250428,179,2.6096084383132157e-06
101,11000011,mol2vec,3158862910,7888,0.00011499771710287511
102,11000011,mol2vec,407476071,1692,2.4667360210200897e-05
103,11000011,mol2vec,714614450,4,5.8315272364541133e-08
104,11000011,mol2vec,3334525955,36123,0.0005266306459060799
112,11000011,mol2vec,4230337064,2590,3.775913885604038e-05
113,11000011,mol2vec,1750450472,74,1.078832538744011e-06
114,11000011,mol2vec,3034212252,14482,0.00021113044359582117
119,11000011,mol2vec,2238264606,7422,0.00010820398787240606
122,11000011,mol2vec,480680885,5413,7.891514232731528e-05
123,11000011,mol2vec,3372400797,6214,9.059277561831464e-05
124,11000011,mol2vec,4008506203,1707,2.4886042481567928e-05
127,11000011,mol2vec,4200620501,456,6.647941049557689e-06
136,11000011,mol2vec,2803419857,13049,0.0001902389972712243
144,11000011,mol2vec,4116013187,4176,6.088114434858094e-05
145,11000011,mol2vec,1842898132,99643,0.001452677171054993
148,11000011,mol2vec,3988861584,26298,0.00038339375816067567
149,11000011,mol2vec,3327193120,8192,0.00011942967780258024
153,11000011,mol2vec,687654781,11073,0.000161431252723141
154,11000011,mol2vec,3751927594,6905,0.00010066673891928912
155,11000011,mol2vec,3482873808,46419,0.0006767341569724087
157,11000011,mol2vec,141157017,19746,0.0002878733420275573
160,11000011,mol2vec,1142813461,3192,4.653558734690382e-05
161,11000011,mol2vec,932711668,5057,7.372508308687113e-05
162,11000011,mol2vec,2463614838,22969,0.0003348608727352863
164,11000011,mol2vec,2488692798,13278,0.00019357754661409427
168,11000011,mol2vec,3337420400,8526,0.00012429900304501942
169,11000011,mol2vec,3027150250,1310,1.909825169938722e-05
174,11000011,mol2vec,2762810942,8868,0.00012928495883218768
175,11000011,mol2vec,2811394787,132582,0.0019328888601588981
177,11000011,mol2vec,481472838,426,6.210576506823631e-06
178,11000011,mol2vec,2513428378,35050,0.0005109875740942916
179,11000011,mol2vec,2648681539,4317,6.293675769943101e-05
180,11000011,mol2vec,2623551787,233,3.3968646152345207e-06
181,11000011,mol2vec,645427417,35,5.102586331897349e-07
183,11000011,mol2vec,3895633315,1731,2.5235934115755173e-05
184,11000011,mol2vec,2846505075,8017,0.00011687838463663156
185,11000011,mol2vec,1236033658,4539,6.617325531566305e-05
186,11000011,mol2vec,3008098818,7622,0.00011111975149063313
187,11000011,mol2vec,3462308225,48767,0.0007109652218503943
189,11000011,mol2vec,1892890177,8052,0.00011738864326982129
193,11000011,mol2vec,458139000,132,1.9244039880298573e-06
194,11000011,mol2vec,2976816164,78968,0.001151260107020771
196,11000011,mol2vec,516041383,11786,0.00017182595002212045
197,11000011,mol2vec,2999514534,8707,0.0001269377691195149
199,11000011,mol2vec,170727310,15852,0.0002311034243806765
202,11000011,mol2vec,2453385669,777,1.1327741656812114e-05
203,11000011,mol2vec,1609928163,13294,0.00019381080770355244
205,11000011,mol2vec,1721149895,6720,9.79696575724291e-05
210,11000011,mol2vec,2822340138,24691,0.00035996559748822124
218,11000011,mol2vec,2557045420,8172,0.00011913810144075752
219,11000011,mol2vec,2185212638,13910,0.00020279135964769177
220,11000011,mol2vec,2378985691,8,1.1663054472908227e-07
221,11000011,mol2vec,1423529415,413,6.0210518716388715e-06
222,11000011,mol2vec,1880637161,19209,0.00028004451671261764
224,11000011,mol2vec,30707086,6547,9.544752204266269e-05
226,11000011,mol2vec,3384631972,4619,6.733956076295387e-05
227,11000011,mol2vec,1861965050,36252,0.0005285113134398362
228,11000011,mol2vec,1907808831,15,2.1868227136702925e-07
229,11000011,mol2vec,3727977332,2427,3.538279150718533e-05
230,11000011,mol2vec,2986138612,121,1.7640369890273691e-06
231,11000011,mol2vec,1042794304,36,5.248374512808701e-07
232,11000011,mol2vec,2555187292,2108,3.0732148536113175e-05
234,11000011,mol2vec,4199976035,1051,1.5322337813783182e-05
238,11000011,mol2vec,934550081,2682,3.910039012042483e-05
239,11000011,mol2vec,1445715347,1796,2.6183557291678967e-05
240,11000011,mol2vec,347328515,88,1.2829359920199048e-06
241,11000011,mol2vec,2487927669,17986,0.0002622146221871592
244,11000011,mol2vec,1290277687,355,5.175480422353026e-06
245,11000011,mol2vec,3594356142,6768,9.866944084080359e-05
246,11000011,mol2vec,1730555933,43176,0.0006294550499028569
249,11000011,mol2vec,744340421,2969,4.3284510912580656e-05
256,11000011,mol2vec,662511025,21446,0.00031265733278248726
259,11000011,mol2vec,3461354471,7681,0.00011197990175801011
267,11000011,mol2vec,4179862704,15012,0.00021885721718412285
269,11000011,mol2vec,1775290138,979,1.4272662911221442e-05
274,11000011,mol2vec,2439985312,1430,2.0847709870323455e-05
275,11000011,mol2vec,4120224926,12141,0.00017700143044447348
276,11000011,mol2vec,913947419,1243,1.8121470887281155e-05
277,11000011,mol2vec,3957595305,622,9.068024852686146e-06
278,11000011,mol2vec,945676240,13528,0.0001972222511368781
279,11000011,mol2vec,1923187777,25058,0.0003653160237276679
282,11000011,mol2vec,2851977513,1916,2.7933015462615202e-05
283,11000011,mol2vec,831463242,16080,0.00023442739490545534
284,11000011,mol2vec,460073430,2977,4.340114145730973e-05
286,11000011,mol2vec,1634606847,67383,0.0009823644994349688
287,11000011,mol2vec,1620258790,8280,0.00012071261379460014
289,11000011,mol2vec,4249752643,6798,9.910680538353765e-05
291,11000011,mol2vec,661260331,1886,2.7495650919881143e-05
292,11000011,mol2vec,784370174,2017,2.9405476089819864e-05
293,11000011,mol2vec,2173557700,3372,4.9159774603308174e-05
295,11000011,mol2vec,2399465218,454,6.6187834133754185e-06
296,11000011,mol2vec,1795978025,19584,0.00028551157349679336
298,11000011,mol2vec,3748732759,1206,1.7582054617909152e-05
299,11000011,mol2vec,2850656190,21808,0.00031793486493147824
301,11000011,mol2vec,323228132,18,2.6241872564043507e-07
302,11000011,mol2vec,3692651527,62,9.038867216503875e-07
303,11000011,mol2vec,1963012827,5,7.289409045567641e-08
304,11000011,mol2vec,1159895599,5,7.289409045567641e-08
305,11000011,mol2vec,922659178,183,2.6679237106777565e-06
306,11000011,mol2vec,4179541127,2006,2.9245109090817375e-05
309,11000011,mol2vec,452953112,284,4.14038433788242e-06
310,11000011,mol2vec,3324305309,7147,0.00010419481289734387
312,11000011,mol2vec,912632640,11097,0.00016178114435732823
314,11000011,mol2vec,3889081300,9115,0.0001328859269006981
316,11000011,mol2vec,1048103838,8716,0.00012706897848233512
317,11000011,mol2vec,4006278292,88,1.2829359920199048e-06
318,11000011,mol2vec,1055719885,744,1.084664065980465e-05
319,11000011,mol2vec,362715007,3211,4.6812584890635394e-05
320,11000011,mol2vec,1280488931,11927,0.0001738815633729705
322,11000011,mol2vec,416356657,27514,0.00040112160095949614
323,11000011,mol2vec,1289643292,3302,4.8139257336928704e-05
324,11000011,mol2vec,2017861928,343,5.000534605259402e-06
330,11000011,mol2vec,3886201961,6259,9.124882243241574e-05
332,11000011,mol2vec,1924383628,9069,0.0001322153012685059
335,11000011,mol2vec,2021812431,3846,5.60701343785063e-05
336,11000011,mol2vec,2072597505,8514,0.0001241240572279258
338,11000011,mol2vec,2572035617,1079,1.573054472033497e-05
340,11000011,mol2vec,2097053585,1109,1.616790926306903e-05
342,11000011,mol2vec,2793992531,3053,4.450913163223602e-05
346,11000011,mol2vec,443741425,9390,0.0001368951018757603
348,11000011,mol2vec,1222685169,1085,1.581801762888178e-05
350,11000011,mol2vec,2083572173,94,1.3704089005667166e-06
351,11000011,mol2vec,3712790815,5560,8.105822858671218e-05
355,11000011,mol2vec,2556496593,578,8.426556856676193e-06
356,11000011,mol2vec,4253926346,16,2.3326108945816453e-07
357,11000011,mol2vec,1709143017,95,1.384987718657852e-06
358,11000011,mol2vec,3959273140,6,8.747290854681169e-08
359,11000011,mol2vec,1921812927,35,5.102586331897349e-07
360,11000011,mol2vec,1910766508,7658,0.000111644588941914
361,11000011,mol2vec,3951957695,6289,9.168618697514979e-05
362,11000011,mol2vec,4115064110,2437,3.552857968809668e-05
366,11000011,mol2vec,3983708967,128,1.8660887156653163e-06
372,11000011,mol2vec,2457459978,18,2.6241872564043507e-07
373,11000011,mol2vec,3599139274,5977,8.713759573071559e-05
374,11000011,mol2vec,1849554589,4989,7.273372345667393e-05
375,11000011,mol2vec,4203454020,23862,0.0003478797572906701
376,11000011,mol2vec,1689898788,1288,1.8777517701382245e-05
377,11000011,mol2vec,649201019,7405,0.00010795614796485676
378,11000011,mol2vec,1236995907,6592,9.610356885676379e-05
379,11000011,mol2vec,2639257445,852,1.2421153013647261e-05
380,11000011,mol2vec,2974534217,12324,0.00017966935415515123
381,11000011,mol2vec,3791102067,2827,4.121431874363944e-05
382,11000011,mol2vec,4005321943,163,2.376347348855051e-06
383,11000011,mol2vec,696215122,530,7.7267735883017e-06
384,11000011,mol2vec,4005047778,862,1.2566941194558613e-05
385,11000011,mol2vec,895910141,1646,2.3996734578008676e-05
386,11000011,mol2vec,172238518,1776,2.5891980929856263e-05
387,11000011,mol2vec,1259710714,522,7.610143043572618e-06
388,11000011,mol2vec,2603759688,457,6.662519867648824e-06
389,11000011,mol2vec,2096953503,995,1.4505924000679607e-05
391,11000011,mol2vec,3421767847,158,2.3034532583993745e-06
392,11000011,mol2vec,3324450243,4837,7.051774310682136e-05
395,11000011,mol2vec,2154975788,9384,0.00013680762896721348
396,11000011,mol2vec,3786253491,2594,3.7817454128404925e-05
397,11000011,mol2vec,3110675867,174,2.536714347857539e-06
398,11000011,mol2vec,2119439498,94456,0.0013770568416162743
400,11000011,mol2vec,565690435,683,9.957332756245397e-06
401,11000011,mol2vec,2559675920,10686,0.00015578925012187163
402,11000011,mol2vec,3371487996,710,1.0350960844706051e-05
403,11000011,mol2vec,2975316496,2268,3.3064759430694824e-05
404,11000011,mol2vec,773457308,294,4.286172518793773e-06
405,11000011,mol2vec,1913247872,5,7.289409045567641e-08
406,11000011,mol2vec,4009133293,105,1.5307758995692046e-06
407,11000011,mol2vec,1636327326,604,8.80560612704571e-06
408,11000011,mol2vec,2033915459,115,1.6765640804805575e-06
409,11000011,mol2vec,2270020981,22,3.207339980049762e-07
411,11000011,mol2vec,298374928,116,1.6911428985716928e-06
412,11000011,mol2vec,298641253,31,4.5194336082519376e-07
413,11000011,mol2vec,3987247535,476,6.939517411380395e-06
414,11000011,mol2vec,2123773062,33,4.811009970074643e-07
416,11000011,mol2vec,4292539202,7910,0.00011531845110088009
421,11000011,mol2vec,2177967202,823,1.1998367289004338e-05
422,11000011,mol2vec,410310586,8717,0.00012708355730042627
423,11000011,mol2vec,3996308363,1732,2.525051293384631e-05
424,11000011,mol2vec,3009403279,1975,2.8793165729992183e-05
425,11000011,mol2vec,2608115077,2332,3.399780378852748e-05
426,11000011,mol2vec,4121384005,1262,1.8398468431012728e-05
427,11000011,mol2vec,264974063,3761,5.48309348407598e-05
428,11000011,mol2vec,1694604723,10,1.4578818091135282e-07
429,11000011,mol2vec,1850082398,2270,3.309391706687709e-05
430,11000011,mol2vec,3914061263,2237,3.2612816069869624e-05
431,11000011,mol2vec,13531441,284,4.14038433788242e-06
432,11000011,mol2vec,2810604122,18303,0.0002668361075220491
433,11000011,mol2vec,1671770604,1508,2.1984857681432005e-05
434,11000011,mol2vec,1311675632,38,5.539950874631408e-07
436,11000011,mol2vec,274215673,64,9.330443578326581e-07
437,11000011,mol2vec,1787372080,479,6.9832538656538005e-06
438,11000011,mol2vec,628810978,18,2.6241872564043507e-07
439,11000011,mol2vec,1323888424,142,2.07019216894121e-06
445,11000011,mol2vec,2580639636,1175,1.7130111257083956e-05
446,11000011,mol2vec,1739309282,4375,6.378232914871686e-05
449,11000011,mol2vec,1786160715,2434,3.5484843233823276e-05
451,11000011,mol2vec,1151890095,11,1.603669990024881e-07
452,11000011,mol2vec,2210045383,454,6.6187834133754185e-06
453,11000011,mol2vec,4176566322,7122,0.00010383034244506548
456,11000011,mol2vec,2243700697,392,5.714896691725031e-06
457,11000011,mol2vec,1428527756,288,4.198699610246961e-06
458,11000011,mol2vec,4178682433,878,1.2800202284016778e-05
460,11000011,mol2vec,2325931558,425,6.195997688732495e-06
461,11000011,mol2vec,164110759,316,4.606906516798749e-06
462,11000011,mol2vec,190140222,4496,6.554636613774423e-05
463,11000011,mol2vec,3968746622,342,4.9859557871682665e-06
464,11000011,mol2vec,118299950,609,8.878500217501388e-06
465,11000011,mol2vec,3281203174,34,4.956798150985996e-07
470,11000011,mol2vec,4203187903,8138,0.00011864242162565893
471,11000011,mol2vec,3700725371,3729,5.436441266184347e-05
473,11000011,mol2vec,1484869352,104,1.5161970814780693e-06
475,11000011,mol2vec,261806806,384,5.598266146995948e-06
476,11000011,mol2vec,2398858967,20,2.9157636182270563e-07
478,11000011,mol2vec,354000409,699,1.0190593845703562e-05
479,11000011,mol2vec,1926213669,560,8.164138131035759e-06
481,11000011,mol2vec,3249995973,39,5.685739055542761e-07
484,11000011,mol2vec,1747072187,171,2.4929778935841333e-06
486,11000011,mol2vec,4189401863,94,1.3704089005667166e-06
488,11000011,mol2vec,2238101436,6473,9.436868950391868e-05
489,11000011,mol2vec,1316652100,511,7.4497760445701296e-06
490,11000011,mol2vec,3892985958,179,2.6096084383132157e-06
491,11000011,mol2vec,3311784590,2386,3.4785059965448785e-05
492,11000011,mol2vec,2358053830,110,1.6036699900248811e-06
497,11000011,mol2vec,788515759,252,3.6738621589660913e-06
498,11000011,mol2vec,2570835912,582,8.484872129040734e-06
502,11000011,mol2vec,1901826219,4,5.8315272364541133e-08
503,11000011,mol2vec,1183814492,105,1.5307758995692046e-06
506,11000011,mol2vec,364836735,400,5.831527236454113e-06
507,11000011,mol2vec,3530144195,523,7.624721861663752e-06
508,11000011,mol2vec,3160718262,1143,1.6663589078167627e-05
509,11000011,mol2vec,2275936521,1455,2.1212180322601838e-05
512,11000011,mol2vec,3948421371,350,5.102586331897349e-06
513,11000011,mol2vec,321337029,644,9.388758850691122e-06
514,11000011,mol2vec,3160998251,381,5.5545296927225425e-06
515,11000011,mol2vec,3631959207,756,1.1021586476898273e-05
518,11000011,mol2vec,2014255590,597,8.703554400407763e-06
519,11000011,mol2vec,3611833967,352,5.131743968079619e-06
520,11000011,mol2vec,2455017113,12911,0.00018822712037464763
521,11000011,mol2vec,1625775617,533,7.770510042575105e-06
522,11000011,mol2vec,3405578652,1286,1.8748360065199974e-05
523,11000011,mol2vec,2608733601,236,3.440601069507927e-06
524,11000011,mol2vec,2100728902,551,8.032928768215541e-06
525,11000011,mol2vec,4159583953,3417,4.981582141740926e-05
528,11000011,mol2vec,4165543522,401,5.846106054545249e-06
4,11000011,parallel,C1=CSC=C1,437006,0.0042900875344510404
5,11000011,parallel,C1=CCCC1,31336,0.00030762548564449414
8,11000011,parallel,CS,1945882,0.0191027219573934
11,11000011,parallel,C1=CSCC1,29787,0.00029241895394729856
12,11000011,parallel,C1CC1,370384,0.0036360594164842456
13,11000011,parallel,C1=CCCCC1,65964,0.0006475685325202135
20,11000011,parallel,C1CSCNN1,556,5.4582515323697585e-06
25,11000011,parallel,C1CCCC1,165538,0.0016250864067723471
27,11000011,parallel,C1=CCCCCC1,2679,2.629974074679601e-05
29,11000011,parallel,C1CSCCN1,20830,0.00020448809248068716
32,11000011,parallel,C1CCCCC1,184198,0.001808271611078138
33,11000011,parallel,C1CCSC1,2048,2.0105214277505873e-05
35,11000011,parallel,C1CCCSCC1,104,1.020967912529595e-06
36,11000011,parallel,C1=NNCS1,13801,0.00013548440539250906
37,11000011,parallel,C1=CSC=N1,380921,0.0037395011366219795
38,11000011,parallel,C1CSCN1,12878,0.0001264233151688089
41,11000011,parallel,C1=CSCNC1,253,2.4837007872114186e-06
42,11000011,parallel,C1NNCS1,70,6.87189941125689e-07
44,11000011,parallel,C1=NSC=N1,5941,5.8322792003253116e-05
47,11000011,parallel,C1C2CC3CC1CC(C2)C3,7499,7.361767669287916e-05
50,11000011,parallel,C1=CSCN1,42748,0.0004196570800462993
51,11000011,parallel,C1NCSCN1,29,2.8469297560921403e-07
54,11000011,parallel,C1=CSCCC1,942,9.247613207719987e-06
56,11000011,parallel,C1=CSCCCC1,26,2.5524197813239874e-07
57,11000011,parallel,C1=NCCS1,34211,0.0003358493582264421
60,11000011,parallel,C1=CNCSC1,12,1.1780398990726097e-07
62,11000011,parallel,C1=NN=CS1,66270,0.0006505725342628487
65,11000011,parallel,C1CCSCC1,3352,3.290658118076156e-05
66,11000011,parallel,C1CNCCSC1,3111,3.0540684383457406e-05
69,11000011,parallel,C1CNC1,30474,0.00029916323236948923
70,11000011,parallel,C1NCSN1,104,1.020967912529595e-06
72,11000011,parallel,C1CNCCNC1,46134,0.00045289743919846477
75,11000011,parallel,C1NCNCN1,2281,2.2392575081538523e-05
76,11000011,parallel,C1CNCSC1,2690,2.6407727737544335e-05
77,11000011,parallel,C1CCC1,63321,0.0006216222037431393
78,11000011,parallel,C1=CSN=N1,13743,0.00013491501944129064
79,11000011,parallel,C1CC2CCC1C2,13027,0.00012788604804349072
80,11000011,parallel,C1CC2CNC(C1)C2,1244,1.2212346953719387e-05
81,11000011,parallel,C1CCCCCC1,11556,0.00011344524228069232
83,11000011,parallel,C1CC2CC1CN2,1879,1.844614141964528e-05
85,11000011,parallel,C1=CCSCC1,320,3.1414397308602924e-06
86,11000011,parallel,C1=NSCC1,7751,7.609156048093165e-05
87,11000011,parallel,C1=CCNCCC1,3141,3.083519435822556e-05
90,11000011,parallel,C1=CN=NC=N1,601,5.900016494521987e-06
91,11000011,parallel,C1=CSCCS1,4,3.926799663575366e-08
92,11000011,parallel,C1CSCCS1,2,1.963399831787683e-08
94,11000011,parallel,C1CC2CNCC1CN2,3969,3.896366966182657e-05
95,11000011,parallel,C1NCC2CC1CN2,46,4.51581961311167e-07
96,11000011,parallel,C1=CCCNCC1,2997,2.9421546479338427e-05
97,11000011,parallel,C1CC2CNCC1N2,102,1.0013339142117183e-06
98,11000011,parallel,C1=CCCNC=C1,54,5.301179545826743e-07
0,110110,mol2vec,2245897107,10691,0.0001558621442123273
1,110110,mol2vec,3492293582,10691,0.0001558621442123273
2,110110,mol2vec,2245900962,133168,0.0019414320475603032
3,110110,mol2vec,3295028083,104,1.5161970814780693e-06
5,110110,mol2vec,3053062263,6,8.747290854681169e-08
19,110110,mol2vec,1857396528,149574,0.0021806121371634687
20,110110,mol2vec,882399112,491767,0.007169381636223325
21,110110,mol2vec,3337745083,294746,0.00429704831708976
22,110110,mol2vec,3633369638,8810,0.00012843938738290185
24,110110,mol2vec,3994179159,4720,6.881202139015853e-05
27,110110,mol2vec,4239037249,20194,0.0002944046525323859
28,110110,mol2vec,3612926680,52677,0.0007679684005867333
29,110110,mol2vec,3632350815,52495,0.0007653150556941467
35,110110,mol2vec,2646219661,29834,0.00043494445893093003
40,110110,mol2vec,1747728807,142,2.07019216894121e-06
41,110110,mol2vec,3294965984,176,2.5658719840398096e-06
43,110110,mol2vec,68675643,1075,1.5672229447970428e-05
44,110110,mol2vec,485463469,163451,0.002382922395814153
45,110110,mol2vec,1899422126,4733,6.900154602534329e-05
46,110110,mol2vec,1915080917,10040,0.00014637133363499825
47,110110,mol2vec,1856075173,14932,0.00021769091173683204
48,110110,mol2vec,4017892867,698,1.0176015027612427e-05
49,110110,mol2vec,3633569943,6472,9.435411068582755e-05
50,110110,mol2vec,1637836422,128665,0.001875783629695921
51,110110,mol2vec,1913726790,19518,0.00028454937150277845
53,110110,mol2vec,1999904870,36794,0.0005364130328452315
55,110110,mol2vec,1173346717,12783,0.0001863610316589823
57,110110,mol2vec,69470421,16716,0.0002436995232114174
63,110110,mol2vec,2641323993,4923,7.1771521462659e-05
64,110110,mol2vec,485458970,32325,0.000471260294795948
68,110110,mol2vec,2845936339,6859,9.99961132870969e-05
78,110110,mol2vec,3590215779,169,2.4638202574018626e-06
84,110110,mol2vec,36013693,6,8.747290854681169e-08
85,110110,mol2vec,318370433,6,8.747290854681169e-08
86,110110,mol2vec,1899486813,1603,2.3369845400089857e-05
88,110110,mol2vec,1378530689,2667,3.88817078490578e-05
89,110110,mol2vec,3545074552,256,3.7321774313306325e-06
90,110110,mol2vec,4291903839,256,3.7321774313306325e-06
4,110110,parallel,CF,2052989,0.020154191286309815
5,110110,parallel,C#C,57008,0.0005596474880527611
6,110110,parallel,CBr,164472,0.0016146214856689188
